:020000041008E2
:1000000000000828D98908108D9108109D8E0810CD
:100010009191081095910810999108100000000026
:10002000000000000000000000000000A18F081088
:100030009D91081000000000A1910810A5910810E2
:10004000CB860810F1860810178708103D87081026
:100050006387081089870810AF870810D5870810B4
:10006000A9910810AD910810B1910810B591081030
:10007000B9910810BD910810C1910810C5910810E0
:1000800040F0200070472DE9F14FB0B09246049146
:100090000DF142013A9A2B9199464A7000200AE0EC
:1000A0001AF8011B0498309A90470028049000F039
:1000B00034860D98401C0D909AF8000050B1252808
:1000C000EED1002100220791089209910A920B912A
:1000D0000C9204E00D9800F022BE41F001011AF8E4
:1000E000010F2028F9D023280CD02B2804D02D284C
:1000F00005D0302809D00BE041F00201EFE741F0D4
:100100000401ECE741F00801E9E741F01001E6E7FE
:100110002A280FD1D9F8002052F8040BC9F8002082
:1001200000280F9003D540420F9041F004010AF1DE
:10013000010A14E00F92DFF8EC3B0AE00F989842B6
:1001400005DA00EB800402EB4402303A0F920AF128
:10015000010A9AF80020A2F130000A28EED39AF89A
:1001600000002E2803D04FF0FF320E9229E01AF83B
:10017000010F2A2809D1D9F8000050F8042BC9F83A
:1001800000000E920AF1010A1BE02D280CBF0AF1B3
:10019000010A002000220E92DFF8884B0BE040B9E4
:1001A0000E9AA24205DA02EB820503EB4503303BCF
:1001B0000E930AF1010A9AF80030A3F130020A2ADC
:1001C000EDD3ADF840100FF660309AF8001000F053
:1001D000EDFE08B11AF8010B8DF842009DF84200BF
:1001E000682805D19AF8000068280CD1622106E041
:1001F0006C2804BF9AF800006C2804D171218DF896
:1002000042100AF1010A12A806901AF801BBBBF1CC
:1002100025012CD01C3900F09481091F022940F2DD
:100220009081133900F0AB84093900F08A81891E6E
:1002300000F04085491E00F0ED84491E022940F27D
:100240008081091F00F0E684491F00F0EF80491EFD
:1002500000F09584491E00F0D780C91E0CD0891E7D
:1002600000F08D84C91E00F08A8400F02EBD0123A9
:100270000793252100F026BDD9F8000050F8044B63
:10028000C9F80000002C059440F0AB802B99487809
:10029000002800F0A1804FF0FF340FF6942000F00A
:1002A00095FE241A40F0398500F01BBD01236A46F3
:1002B00002A9304600F000FE002840F02E85641EA2
:1002C000F4D13096079C12AF74B1309E17F8011B21
:1002D0000498B0470028049000F01F850D98401C3A
:1002E000641E0D90F2D130960A9C3021002C8DF8BE
:1002F00000100CDD309E01236A4602A9304600F052
:10030000DBFD002840F00985641EF4D13096059F7E
:10031000089C74B1309E17F8011B0498B047002860
:10032000049000F0FA840D98401C641E0D90F2D1E8
:1003300030960B9C3021002C8DF800100CDD309E87
:1003400001236A4602A9304600F0B6FD002840F0BD
:10035000E484641EF4D1309605980899099C4718E6
:1003600074B1309E17F8011B0498B0470028049020
:1003700000F0D3840D98401C641E0D90F2D130968D
:100380000C9C3021002C8DF800100CDD309E0123D8
:100390006A4602A9304600F08FFD002840F0BD8477
:1003A000641EF4D130969DF8400041077FF584AE7D
:1003B0002020002D8DF800007FF77EAE309C0123B9
:1003C0006A4602A9204600F077FD002840F0A58487
:1003D0006D1EF4D130946FE60FF63C30059000F0BE
:1003E00080BC0E9D002D04D5204600F00FFE044673
:1003F00007E02A46204600F025FE002814BF041B13
:100400002C46089400F06DBCD9F8001051F8040B8C
:10041000C9F8001020F00004002121F0FF35CDE9DB
:10042000024512AB0593782100F040BC2B99487827
:1004300020B14FF0FF340FF6B02030E79DF84200B6
:10044000622860D0682817D06A283FD06C2806D070
:10045000712847D074282CD07A281DD062E0D9F8B2
:10046000001051F8040BC9F80010002866D14FF0B5
:10047000FF340FF68C2012E7D9F8001051F8040B66
:10048000C9F8001020B94FF0FF340FF6742006E7CA
:100490000D99018000F025BCD9F8001051F8040B2B
:1004A000C9F80010002849D14FF0FF340FF6502052
:1004B000F5E6D9F8001051F8040BC9F8001000282F
:1004C0003CD14FF0FF340FF63820E8E6D9F80010A1
:1004D00051F8040BC9F8001080B94FF0FF340FF643
:1004E0002020DCE6D9F8001051F8040BC9F8001000
:1004F00020B94FF0FF340FF60820D0E60D9AD3173D
:10050000C0E90023EDE3D9F8001051F8040BC9F855
:10051000001020B94FF0FF340FF6E410BFE60D993C
:100520000170DEE3D9F8001051F8040BC9F800108F
:1005300020B94FF0FF340FF6C810B0E60D990160F6
:10054000CFE39DF842004C2807BFD9F80010CA1D20
:10055000D9F80000C21D22F00702C9F80020D2E934
:1005600000010832C9F80020CDE90201C80F02D00D
:1005700007982D210AE0BDF84000810702D50798B1
:100580002B2103E0C00705D50798202112AA11549A
:10059000401C079012A807994BF0200300EB010CB8
:1005A000DDE90201CDE92C01612BCDF814C021ACAD
:1005B0000BD00E98002848BF062105D404BF4BF08D
:1005C0002000672801D101210E91DDE902014F00D1
:1005D00047EAD0777E15FF174FF0FF32974208BFEA
:1005E000964210D1090341EA10510003002908BFC7
:1005F000002808D0ABF1610503211A2D089118D30A
:100600000FF61C1110E0DDE902014A00521512F14B
:10061000010F11D108030FD1ABF1610503211A2D90
:1006200008911FD30FF600110322604600F036FD3B
:1006300057E30FF6E801F7E7DDE902016A4600F04B
:1006400081FDCDE902014BF02000612811D1059810
:1006500030210170821C0592BBF1610F0CBF782123
:10066000582102E00FF6BC01DEE741700798801CBC
:100670000790DDE9020120F0000231F0004308BFDD
:10068000002A02D10026002542E14BF02008B8F1F3
:10069000610F40F092800E98002847BF2121019100
:1006A000401C0190019FDDE92C017F1C00220023EA
:1006B000DDE9024500F07EFD38BF85F00045009978
:1006C0008DF88420091F002F00910DF1850632DD81
:1006D000204629460022002300F086FD2BD21C2252
:1006E00000F09CFD04460D4600F01AFEFF1F002F8F
:1006F000804609DD00F01BFE02460B4620462946D7
:1007000000F01CFE04460D46F01D0721B8F1000F55
:100710000CDD491E5EBF08F00F0200F8012D4FEA04
:100720002818F3D502E0002200F8012D491EFAD561
:10073000C61D002FCCDC0DF18500361A01980DF195
:1007400085048642D8BF304600282FD4B04206DA4E
:100750000DF185010A5C082AA8BF0F2100DA0021EB
:10076000024621AB134400E0401E13F80159521E0B
:100770008D42F9D00F2904D10DF185018B5C5B1CF2
:100780008B54002A04D50099091D21AC401C00910E
:10079000411E0BD4621813783033DDB23A2DA4BF5A
:1007A0005B443A3B491E02F80139F4D50E99002901
:1007B00040F1AC80421E0E92A8E00099DFF8E826D6
:1007C00047F29750414391FBF2F20092DDE92C454C
:1007D000C2F10702002A25F0004504DD2046294623
:1007E00000F03EFB0BE052420020DFF8C01600F0A4
:1007F00037FB02460B462046294600F0A8FD04467A
:100800000D46B8F1660F06BF009F0A3706270E98FF
:100810003F18142FC8BF142730208DF884000DF125
:100820008506002F34DD2046294600F099FD01465B
:100830000A4606F1080304200A26B2FBF6F606EB88
:10084000860EA2EB4E02303203F8012C0A22B6FBD0
:10085000F2F202EB820EA6EB4E063036401E03F893
:10086000026DE9D1083F002F03F10806D9DD0846E3
:1008700000F07DFD02460B462046294600F05EFD55
:100880000022DFF82C3600F079FD04460D46CAE759
:100890000DF18500361A0DF1850404E00098401E24
:1008A000761E0090641C20783028F7D0B8F1660FCF
:1008B00002D10098401C04E0B8F1650F0CBF012084
:1008C00000200E9940188642B8BF701E00281DD423
:1008D000B04204DA215C3429C8BF392100DC302160
:1008E0000246631E9D1800E0401E15F80169521E65
:1008F0008E42F9D0392902D1A15C491CA154002AA9
:1009000004D50099491C1C46401C00910646009DD8
:100910000E9F30B2002802DC01260FF210644BF06B
:100920002000662808BF6D1C15D067280FFA85F8CF
:1009300041D118F1040F44DBB84542DA9DF840007C
:100940006D1C010703D430B2B842D8BF074628B2A5
:100950003F1A48BF00270FFA85F8B8F1000F00F3DF
:10096000AF800898411C0891302205990A54002F45
:1009700003DC9DF84000010705D50898411C08914B
:100980002E2205990A5417EB080FB8BF7D422DB2ED
:100990006842ED1932B20B909542B8BF2E46059BC6
:1009A000089836B2099632462146184400F076FB84
:1009B000AD1B0C95CCE0BBF1610F15D14FF0700B66
:1009C00017E030B2B84204DA9DF840100A0758BF69
:1009D00007467F1E48BF0027BBF1670F14BF4FF0CB
:1009E000450B4FF0650B04E0BBF1410F08BF4FF022
:1009F000500B0898411C0891002F059914F8012B01
:100A00000A5403DC9DF84000010719D50898411CE1
:100A100008912E2205990A54002F11DD761E30B25E
:100A20008742B8BF3E460598089B32B2214618441B
:100A300000F034FB089836B23018BF1B08900B97B3
:100A4000059808990844B8F1000F80F800B003D465
:100A50002B224270821C04E02D2145464170821CED
:100A60006D4200212CAB28460AE004460A2094FB84
:100A7000F0F000EB8005A4EB450403F8014B491CA2
:100A800000B20028F1DC012906DC4BF020006528CB
:100A900004BF302002F8010B00292CAB08D1302014
:100AA00002F8010B06E0491E585C303002F8010BD9
:100AB0000029F8DC059908980844121A099247E0C1
:100AC00030B229B288421BDA0598089B32B221461F
:100AD000184400F0E3FA089936B271180891A8EBAF
:100AE0000600002F0B9003DC9DF84000020705D59F
:100AF000059A2E2050540999491C09910C9727E01A
:100B00000598089B2AB22146184400F0C7FA0898B5
:100B1000761B4044002F089003DC9DF840100A0724
:100B200004D5411C08912E2205990A5430B28742FF
:100B3000B8BF3E460598089B32B204EB0801184442
:100B400000F0ACFA089836B23018BE1B08900B962D
:100B50009DF8400000F01400102840F0C280079A71
:100B600008980B99821809988A1882180C980F997E
:100B70008018884280F2B580081A0A90B1E09DF88A
:100B80004200622808D068280ED06A2814D06C2849
:100B90001FD0712810D01CE0D9F8001051F8040BB8
:100BA000C9F80010C0B21AE0D9F8001051F8040BCF
:100BB000C9F8001080B212E0D9F80000C21D22F07E
:100BC0000702C9F80020D2E900010832C9F8002064
:100BD00006E0D9F8001051F8040BC9F80010002104
:100BE000CDE902019DF8400001075AD5DDE9022355
:100BF000002B08BF002A54D04BF02000782850D199
:100C0000079812A930220A54401C431C079301F88C
:100C100000B046E09DF84200622808D068280ED057
:100C20006A2814D06C281FD0712810D01CE0D9F885
:100C3000001051F8040BC9F8001040B21AE0D9F8BE
:100C4000001051F8040BC9F8001000B212E0D9F8F6
:100C50000000C21D22F00702C9F80020D2E90001FD
:100C60000832C9F8002006E0D9F8001051F8040B4A
:100C7000C9F80010C117CDE90201002902D5079873
:100C80002D210AE0BDF84000810702D507982B21ED
:100C900003E0C00705D50798202112AA1154401C73
:100CA000079012A8079901440591594602A800F03F
:100CB0004DF816E001200790D9F8000050F8041B09
:100CC000C9F800008DF848100BE001212522BBF186
:100CD000000F07918DF8482003D0022207928DF86B
:100CE00049B00F9D07990A986D1A08992D1A0B980B
:100CF0006D1A09992D1A0C986D1A9DF840102D1A2D
:100D000048073FF5DFAA2021002D8DF800107FF75E
:100D1000D9AA309E2C46FFF7C9BA4FF0FF3031B048
:100D2000BDE8F08FCBCCCC0C686A6C747A4C0000B8
:100D30007072696E74665F733A2062616420257315
:100D400020617267756D656E740000002DE9FC47C7
:100D500007468A463C6950466F2808BF082505D0DB
:100D6000FFF78EF9782814BF0A251025D7E900016E
:100D70003C2680468946BAF1640F18BFBAF1690F64
:100D800005D1002903D5D8F1000869EB4909B9F16B
:100D9000000F08BFB8F1000F0CD1386B50B9082D07
:100DA0003AD197F83800010736D530223B2684F82F
:100DB0003B2031E08DF800A0404649462A46EB171B
:100DC00000F0E6FA3032D0B2761E3A2801960EDAFA
:100DD000A255404649462A46EB1700F0D9FA80460C
:100DE0005FEA010908BFB8F1000F05D108E09DF8DE
:100DF00000001218513AEBE7F868A1198842DBD3DA
:100E0000082D09D197F83800010705D5A05D3028D5
:100E100002D0761E3020A055C6F13C03BB61A1195B
:100E2000F960386B834208DAC31A3B624FF6EF7001
:100E3000398F01403987BDE8F38700280ED597F830
:100E4000380000F01400102808D17A6B7969386AEC
:100E5000521A121AD21A002AC8BF3A62BDE8F387A2
:100E60002DE9D04306460F4614464FF00008DFF840
:100E7000449012E0E00707D542464B4630463946DB
:100E800000F07CFA06460F464046494642464B462D
:100E900000F074FA641080468946002CEAD130468E
:100EA0003946BDE8D0830000A08601000000F03F75
:100EB00084D7974100002440F8B505460E461746F2
:100EC0001C4600205CB117F8011BB068A847B06051
:100ED00030B1F06A401CF0620020641EF3D1F2BD14
:100EE0004FF0FF30F2BD00007072696E74665F7380
:100EF0003A20256E20646973616C6C6F77656400BD
:100F00007072696E74663A2062616420256E206199
:100F10007267756D656E7400000000006E616E0092
:100F20004E414E00696E6600494E46003000F0B4F6
:100F30000246106895681318506803EB5004C00708
:100F400048BF4D44A3422DD013F8016B16F00300A7
:100F500004BF13F8010BC01C31090F2907D113F886
:100F6000011B0F3103E013F8017B05F8017B401EE4
:100F7000F9D10029E6D013F8010BC6F38106032E40
:100F800008BF13F8016B00EB0620404228440026FE
:100F9000B71E8F421EBF10F8017B05F8017B761C3F
:100FA000F6D1CFE7F0BC02F10C007047C9B202786D
:100FB0008A421AB11CBF10F8012FF9E718BF0020B0
:100FC00070470268531C03601170704780B500B908
:100FD00006A005490B681BB122220021984701E0B9
:100FE00000F0EEFA222002BD040F0228636F6E7338
:100FF000747261696E742068616E646C65723A2007
:10100000626164206D6573736167650000F10103BF
:10101000810704D010F8011B820781B1FAD1026860
:10102000A2F10131914311F0803104BF50F8042F37
:10103000F6E709BAB1FA81F100EBD100401CC01A01
:1010400070470000C9B2830706D0521E22D310F8A1
:10105000013B9942F7D11FE0083A13D302F1040291
:1010600041EA012141EA014150F8043B121F21BF2E
:101070004B40A3F1013C2CEA030C1CF0803FF3D061
:10108000C9B2001F083210F8013B521E28BF91EA76
:10109000030FF8D818BF0120401E704762B38B07BA
:1010A00008D0521E11F8013B00F8013B00F02480EB
:1010B0008B07F6D1830740F0208000BF103A07D39A
:1010C00030B4B1E83810103AA0E83810F9D230BC8A
:1010D000530724BFB1E80810A0E8081044BF51F836
:1010E000043B40F8043BD20724BF31F8022B20F820
:1010F000022B44BF0B7803707047121F17D35B009D
:1011000009D151F8043B20F8023B1B0C121F20F8B8
:10111000023BF6D20BE051F8043B00F8013B1B0AFE
:1011200020F8023B1B0C121F00F8013BF3D238BF22
:10113000121D521E24BF11F8013B00F8013BF8D8E4
:101140007047000010B5144600F002F8226010BD90
:10115000C1F30A5343B14A0012F5001F28D2A3F28B
:10116000FE32A1EB0251704750EA410C20D001F051
:10117000004C31EA0C01B1FA81F204BFB0FA80F3FD
:10118000D2180B3AB2F120032CBF00FA03F19140C0
:1011900041EA0C013EBFC2F1200C20FA0CF31943C6
:1011A0009040524240F2FD33D21A01EB0351704796
:1011B0000022704741EA030C50EA4C0C52EA0C0C36
:1011C0004FF4001C09D307D01CEB410F9CBF1CEB54
:1011D000430F8B4208BF824270471CEB430FFBD882
:1011E000994208BF9042704741EA030C50EA4C0C08
:1011F00052EA0C0C4FF4001C09D307D01CEB410F32
:101200009CBF1CEB430F994208BF904270471CEBF8
:10121000410FFBD88B4208BF8242704700B541ECBA
:10122000100B104600F004F851EC100B00BD00BF8D
:10123000020030EE101B40F2FF7C37D41CEA115341
:1012400013D063456BD09B18634504D201EB025168
:1012500020EE101B704701F0004141EA0C510020C4
:1012600041EC100BAFF30080704710EE100B50EA0A
:10127000410054D0B2F57F7F08D202EB5C01090532
:10128000002041EC110B20EE010B70474FF0FE41A6
:10129000002341EC113B20EE010BB2F57E7230EEE3
:1012A000101B4FEA410342EB5353CDE752421CEA75
:1012B000115316D0634532D09A4204D2A1EB0251A9
:1012C00020EE101B70475B1ED21AA1EB035120EEDB
:1012D000101B372A0CD3002001F0004141EC100B09
:1012E000C0E710EE100B50EA410018D0372AF2D2B6
:1012F000C2EB5C021105002041EC110BF1EE100A6B
:1013000020F01F0121F4F851E1EE101A20EE010B3C
:10131000F1EE101AE1EE100A11F0080FA2D1704799
:1013200041EC100BBDEEC00B10EE100A704700EE42
:10133000100AB8EEC00B51EC100B704741EC100BCB
:1013400043EC112B30EE410B51EC100B704741EC8C
:10135000100B43EC112B80EE010B51EC100B70477E
:1013600041EC100BBCEEC00B10EE100A704700EE03
:10137000100AB8EE400B51EC100B704741EC100B0B
:1013800043EC112B20EE010B51EC100B70470000C9
:10139000BBBBE1B1B2F5803F80F07E80022A1ED94E
:1013A0008C46B1FBF2F102FB11C31B0443EA10436C
:1013B000B3FBF2FC02FB1C3380B240EA0343B3FBF5
:1013C000F2F002FB103240EA0C4000237047022A80
:1013D00005D98446B0FBF2F002FB10C270474AB157
:1013E00005D100F0010249085FEA30007047002291
:1013F0000023704700F0E8B80B0002000021002035
:101400007047904271EB030CF6D3B3F5803F2FD2B7
:10141000F0B5B3FA83F7B1FA81F4A7F10F0E3D1BD3
:101420005340CEF1200602FA0EF2F3415340B5F1DB
:101430000F0746D80F3C2C444140C4F12006A04081
:10144000F1414140B1FBF3F603FB1611A2FB064547
:10145000001BA94102D2761E8018594180EA010280
:1014600021FA0EF362FA0EF200215A403046F0BD26
:1014700030B4B1FBF3FC03FB1C11A2FB0C45001BB9
:10148000A94103D2ACF1010C8018594130BC02468D
:101490000B46604600217047B2F1807F65D3F0B5FE
:1014A000B2FA82F7B1FA81F4C7F10F063D1B22FAB6
:1014B00006F307F1110EF24120355A40B5F10F073E
:1014C000B8D94140C4F12006A040F1414140B1FBF0
:1014D000F3FC03FB1C11A2FB0C45001BA94103D22A
:1014E000BCF1010C801859410F2F12D30F3FC903D3
:1014F00041EA5041B1FBF3F603FB1611A2FB06458E
:10150000D4EBC030A94102D2761E8018594146EA78
:10151000CC3C07B34140C7F12006B840F1414140FF
:10152000B1FBF3F603FB1611A2FB0645001BA94114
:1015300002D2761E8018594180EA010221FA0EF388
:10154000C7F1200462FA0EF20CFA07F05A402CFAA6
:1015500004F13043F0BD80EA010221FA0EF30021CC
:1015600062FA0EF260465A40F0BD8C46B1FBF2F1D1
:1015700002FB11C31B0243EA1063B3FBF2FC02FB44
:101580001C331B024CEA002043EA1063B3FBF2FC5D
:1015900002FB1C331B024CEA002043EA1063B3FB3E
:1015A000F2FC02FB1C331B024CEA002043EA1063EE
:1015B000B3FBF2FC02FB1C324CEA00200023704714
:1015C000012000F003B800007047000080B5AFF3C1
:1015D0000080024A11001820ABBEFBE72600020083
:1015E000022801D3012010E00B00DBB2042B01DB49
:1015F00001200AE0DFF8283803EB8000C9B2405C24
:10160000824201D3012000E000207047F8B50600B7
:101610000F0015001C00022E01D301201DE02A003E
:101620003900C9B23000FFF7DBFF012801D10120EA
:1016300013E03800C0B2002812D1B4F5807F0DD27B
:10164000DFF8E0077603304400EB850010F58050AA
:10165000016864F30F2101600020F2BD0120FCE766
:10166000FFB2012F11D1B4F5803F0CD2DFF8B407DF
:101670007603304400EB850010F5A050016864F358
:1016800017210160E8E70120E7E70120E5E700B264
:101690000012C0B27047F8B505000E001700280010
:1016A00000B2FFF7F4FF04002000C0B2022801D30B
:1016B000012024E03A003100C9B22000C0B2FFF797
:1016C0008FFF012801D1012019E0DFF85817200011
:1016D000C0B2400308442A00D2B200EB8200D0F826
:1016E000000CF6B266F3092067F30700E4B2640366
:1016F0002144EDB201EB8501C1F8000C0020F2BDE0
:1017000070B504000D001600022C01D301201DE06D
:1017100032002900C9B22000FFF762FF012801D181
:10172000012013E0DFF8FC166003085850F0004079
:1017300050F0407050F47F00EDB265F3092066F37D
:1017400007006203885064030859002070BD10B57B
:10175000C0B2002800F0EA80022800F0EB80C0F060
:10176000E780042800F0EA80C0F0E680062800F058
:10177000E980C0F0E580082800F0E880C0F0E4804F
:101780000A2800F0E780C0F0E3800C2800F0E68033
:10179000C0F0E2800E2800F0E580C0F0E180102863
:1017A00000F0E480C0F0E080122800F0E380C0F098
:1017B000DF80142800F0E280C0F0DE80162800F000
:1017C000E180C0F0DD80182800F0E080C0F0DC800F
:1017D0001A2800F0DF80C0F0DB801C2800F0DE80DB
:1017E000C0F0DA801E2800F0DD80C0F0D98020280B
:1017F00000F0DC80C0F0D880222800F0DB80C0F050
:10180000D780242800F0DA80C0F0D680262800F0A7
:10181000D980C0F0D580282800F0D880C0F0D480CE
:101820002A2800F0D780C0F0D3802C2800F0D68082
:10183000C0F0D2802E2800F0D580C0F0D1803028B2
:1018400000F0D480C0F0D080322800F0D380C0F007
:10185000CF80342800F0D280C0F0CE80362800F04F
:10186000D180C0F0CD80382800F0D080C0F0CC808E
:101870003A2800F0CF80C0F0CB803C2800F0CE802A
:10188000C0F0CA803E2800F0CD80C0F0C98040285A
:1018900000F0CC80C0F0C880422800F0CB80C0F0BF
:1018A000C780442800F0CA80C0F0C680462800F0F7
:1018B000C980C0F0C580482800F0C880C0F0C4804E
:1018C0004A2800F0C780C0F0C3804C2800F0C680D2
:1018D000C0F0C2804E2800F0C580C0F0C180502802
:1018E00000F0C480C0F0C080522800F0C380C0F077
:1018F000BF80542800F0C280C0F0BE80562800F09F
:10190000C180C0F0BD80582800F0C080C0F0BC800D
:101910005A2800F0BF80C0F0BB805C2800F0BE8079
:10192000C0F0BA805D2800F0BB80BBE01924BFE0A6
:101930003124BDE01824BBE03324B9E03524B7E0FE
:101940001424B5E03724B3E01324B1E02024AFE041
:101950001224ADE02124ABE01124A9E01024A7E07B
:101960002824A5E02924A3E02A24A1E009249FE05B
:101970002B249DE008249BE02C2499E0032497E08D
:10198000022495E0392493E03B2491E03D248FE04C
:1019900001248DE03F248BE0002489E0402487E08F
:1019A000412485E0422483E0432481E0BF247FE09A
:1019B00048247DE049247BE0BC2479E0992477E049
:1019C0009A2475E0502473E09B2471E0B6246FE004
:1019D00051246DE09C246BE0B52469E0522467E05B
:1019E000A02465E0B42463E0532461E0B3245FE005
:1019F00054245DE0B2245BE0B12459E0AD2457E00B
:101A0000602455E0AE2453E0612451E0AD244FE062
:101A100062244DE063244BE0AB2449E0642447E0BA
:101A2000AA2445E0652443E0A92441E0A8243FE03E
:101A300069243DE06B243BE06D2439E06F2437E0FE
:101A4000A32435E0702433E0A22431E071242FE098
:101A5000A1242DE097242BE0962429E0742427E08C
:101A6000952425E0752423E0942421E093241FE0AD
:101A700092241DE078241BE0792419E08C2417E0DF
:101A80007A2415E08B2413E07B2411E08A240FE0F4
:101A90005A240DE059240BE0892409E0582407E07A
:101AA000882405E09D22DFF84019002000F033FE75
:101AB0002000C0B210BD10B5C0B2002800F0EA800E
:101AC000022800F0EB80C0F0E780042800F0EA80F4
:101AD000C0F0E680062800F0E980C0F0E580082824
:101AE00000F0E880C0F0E4800A2800F0E780C0F051
:101AF000E3800C2800F0E680C0F0E2800E2800F0C1
:101B0000E580C0F0E180102800F0E480C0F0E080C3
:101B1000122800F0E380C0F0DF80142800F0E2809B
:101B2000C0F0DE80162800F0E180C0F0DD801828CB
:101B300000F0E080C0F0DC801A2800F0DF80C0F008
:101B4000DB801C2800F0DE80C0F0DA801E2800F068
:101B5000DD80C0F0D980202800F0DC80C0F0D88083
:101B6000222800F0DB80C0F0D780242800F0DA8043
:101B7000C0F0D680262800F0D980C0F0D580282873
:101B800000F0D880C0F0D4802A2800F0D780C0F0C0
:101B9000D3802C2800F0D680C0F0D2802E2800F010
:101BA000D580C0F0D180302800F0D480C0F0D08043
:101BB000322800F0D380C0F0CF80342800F0D280EB
:101BC000C0F0CE80362800F0D180C0F0CD8038281B
:101BD00000F0D080C0F0CC803A2800F0CF80C0F078
:101BE000CB803C2800F0CE80C0F0CA803E2800F0B8
:101BF000CD80C0F0C980402800F0CC80C0F0C88003
:101C0000422800F0CB80C0F0C780442800F0CA8092
:101C1000C0F0C680462800F0C980C0F0C5804828C2
:101C200000F0C880C0F0C4804A2800F0C780C0F02F
:101C3000C3804C2800F0C680C0F0C2804E2800F05F
:101C4000C580C0F0C180502800F0C480C0F0C080C2
:101C5000522800F0C380C0F0BF80542800F0C2803A
:101C6000C0F0BE80562800F0C180C0F0BD8058286A
:101C700000F0C080C0F0BC805A2800F0BF80C0F0E7
:101C8000BB805C2800F0BE80C0F0BA805D2800F008
:101C9000BB80BBE00824C0E00824BEE00824BCE010
:101CA0000824BAE00824B8E00824B6E00824B4E028
:101CB0000824B2E00824B0E00824AEE00824ACE038
:101CC0000824AAE00824A8E00824A6E00824A4E048
:101CD0000824A2E00824A0E008249EE008249CE058
:101CE00008249AE0082498E0082496E0082494E068
:101CF000082492E0082490E008248EE008248CE078
:101D000008248AE0082488E0082486E0082484E087
:101D1000082482E0082480E008247EE008247CE097
:101D200008247AE0082478E0082476E0082474E0A7
:101D3000082472E0082470E008246EE008246CE0B7
:101D400008246AE0082468E0082466E0082464E0C7
:101D5000082462E0082460E008245EE008245CE0D7
:101D600008245AE0162458E0082456E0082454E0D9
:101D7000082452E0082450E008244EE008244CE0F7
:101D800008244AE0082448E0082446E0082444E007
:101D9000082442E0082440E008243EE008243CE017
:101DA00008243AE0082438E0082436E0082434E027
:101DB000082432E0082430E008242EE008242CE037
:101DC00008242AE0082428E0082426E0082424E047
:101DD000082422E0082420E008241EE008241CE057
:101DE00008241AE0082418E0082416E0082414E067
:101DF000082412E0082410E008240EE008240CE077
:101E000008240AE0082408E0082406E04FF486725B
:101E1000DFF8D415002000F07EFC2000C0B210BD19
:101E2000A49008100000044080B5C0B2002800F063
:101E3000EA80022800F0EB80C0F0E780042800F080
:101E4000EA80C0F0E680062800F0E980C0F0E58076
:101E5000082800F0E880C0F0E4800A2800F0E7805D
:101E6000C0F0E3800C2800F0E680C0F0E2800E288D
:101E700000F0E580C0F0E180102800F0E480C0F0C0
:101E8000E080122800F0E380C0F0DF80142800F02A
:101E9000E280C0F0DE80162800F0E180C0F0DD8036
:101EA000182800F0E080C0F0DC801A2800F0DF8005
:101EB000C0F0DB801C2800F0DE80C0F0DA801E2835
:101EC00000F0DD80C0F0D980202800F0DC80C0F078
:101ED000D880222800F0DB80C0F0D780242800F0D2
:101EE000DA80C0F0D680262800F0D980C0F0D580F6
:101EF000282800F0D880C0F0D4802A2800F0D780AD
:101F0000C0F0D3802C2800F0D680C0F0D2802E28DC
:101F100000F0D580C0F0D180302800F0D480C0F02F
:101F2000D080322800F0D380C0F0CF80342800F079
:101F3000D280C0F0CE80362800F0D180C0F0CD80B5
:101F4000382800F0D080C0F0CC803A2800F0CF8054
:101F5000C0F0CB803C2800F0CE80C0F0CA803E2884
:101F600000F0CD80C0F0C980402800F0CC80C0F0E7
:101F7000C880422800F0CB80C0F0C780442800F021
:101F8000CA80C0F0C680462800F0C980C0F0C58075
:101F9000482800F0C880C0F0C4804A2800F0C780FC
:101FA000C0F0C3804C2800F0C680C0F0C2804E282C
:101FB00000F0C580C0F0C180502800F0C480C0F09F
:101FC000C080522800F0C380C0F0BF80542800F0C9
:101FD000C280C0F0BE80562800F0C180C0F0BD8035
:101FE000582800F0C080C0F0BC805A2800F0BF80A4
:101FF000C0F0BB805C2800F0BE80C0F0BA805D28D5
:1020000000F0BB80BBE00020C0E00020BEE001206B
:10201000BCE00120BAE00220B8E00320B6E00320D3
:10202000B4E00420B2E00420B0E00520AEE00520DA
:10203000ACE00620AAE00720A8E00920A6E00A20DC
:10204000A4E00B20A2E00B20A0E00C209EE00C20DE
:102050009CE00D209AE00D2098E00E2096E00F20E5
:1020600094E0102092E0112090E011208EE01220E8
:102070008CE012208AE0132088E0142086E01520EE
:1020800084E0162082E0162080E018207EE01920EF
:102090007CE019207AE01A2078E01B2076E01C20F2
:1020A00074E01C2072E01C2070E01D206EE01D20FA
:1020B0006CE01D206AE01E2068E01E2066E01E2005
:1020C00064E01F2062E01F2060E020205EE020200E
:1020D0005CE021205AE0222058E0242056E0242011
:1020E00054E0252052E0252050E026204EE0272015
:1020F0004CE027204AE0282048E0282046E029201C
:1021000044E0292042E02A2040E02C203EE02D201F
:102110003CE02E203AE02F2038E02F2036E030201F
:1021200034E0302032E0312030E031202EE0322027
:102130002CE033202AE0342028E0342026E035202B
:1021400024E0352022E0362020E037201EE0382031
:102150001CE039201AE0392018E03A2016E03A2035
:1021600014E03B2012E03B2010E03B200EE03C203E
:102170000CE03C200AE03D2008E03D2006E040F273
:102180007B129949002000F0C6FA0020C0B202BDBF
:10219000002007E09549C2018A5822F00042C3019D
:1021A000CA50401C3F28F5DB704770B504000E0094
:1021B000002000202000C0B2FFF736FE8B4DC0B2D9
:1021C000C0012844006A80B206FB00F642F210709B
:1021D000B6FBF0F62000C0B2FFF726FEC00128448F
:1021E000B6B246612000C0B2FFF71EFE0100C9B2C0
:1021F000C9012944096C51F00101C0B2C001284451
:10220000016470BD2DE9F041AAB004000D00160074
:10221000342100221DAF380000F0FEFA00207421A6
:1022200000226F46380000F0F7FA0E201E902000C2
:10223000C0B2FFF740FC8DF87C002000C0B2FFF771
:1022400086FA07005FF008082000C0B2FFF77FFAA7
:102250001DAA97FBF8F108FB11773900644BC0B257
:10226000C010C001184400F096FB2000C0B2FFF778
:10227000DBFD00220121C0B210F5937000B2FFF720
:102280000AFA2000C0B2FFF7CFFDC0B210F593707C
:1022900000B2FFF7FCF9092300220121C0B2FFF7C9
:1022A000B5F92000C0B2FFF7BFFDC0B210F59370C2
:1022B00000B2FFF7ECF900220121C0B2FFF720FACB
:1022C0004C48B0FBF5F1090C4A482A04B0FBF2F384
:1022D00002FB1300002800D0491C022903D2002071
:1022E0008DF801002FE0032903D201208DF80100B1
:1022F00029E0052903D202208DF8010023E00929F5
:1023000003D203208DF801001DE0112903D204201F
:102310008DF8010017E0212903D205208DF8010076
:1023200011E0412903D206208DF801000BE081293C
:1023300003D207208DF8010005E040F2C9122A49B6
:10234000002000F0E8F904208DF8000001208DF84D
:10235000100000208DF8110003208DF812000320DA
:102360008DF8130000208DF80800224901229DF904
:1023700001008240B1FBF2F0B0FBF5F0401E059089
:102380000598401C06FB00F642F21070B6FBF0F018
:10239000089002208DF8400003208DF8680001208D
:1023A0001B9001208DF828002000C0B2FFF73CFDF3
:1023B0000E4D6946C0B2C001284400F02BFB20003E
:1023C000C0B2FFF731FDC0B2C001284400F022FCCA
:1023D0002000C0B2FFF728FDC0B2C001284400F0C1
:1023E0001EFC2AB0BDE8F081888C0810000058401F
:1023F0000000314000127A0082B0002001900020DD
:1024000000900020019009E00098401C0090009886
:10241000B0F5005FF8D30198401C01900198B0F529
:10242000805F02D200200090F1E702B0704780B5D3
:102430000100002000F0B8FE01BD2DE9F043ADF52C
:10244000137D0700884616001C000020ADF802002E
:102450000020ADF80000002002900020ADF804003C
:102460000020ADF806004046FEF7D0FD0290DFF8F0
:1024700070532888002801D028698047DFF864035A
:102480000078002800F033812888002800F01181AE
:10249000BDF90600411CADF806103A00010089B2F2
:1024A0000020EB68984747464046FEF7AFFD029094
:1024B0006888A97990FBF1F0ADF804003800471C5A
:1024C00000780028FAD10020ADF800000EE07F1E51
:1024D00038782F2802D038785C2804D1BDF8000065
:1024E000401CADF800000298401E0290BDF80000AC
:1024F000022802DA02980028E9D50298002806D4BA
:102500007A1CDFF8E41253A801F0FCF80EE0BDF8E5
:102510000000002805D13A00B44953A801F0F2F8B0
:1025200004E03A00B04953A801F0ECF80020ADF8FF
:10253000020042E0BDF80010BDF80020BDF80230F6
:1025400053AF9BB2BDF90400434313FA82F0385CE9
:1025500043AA89B25054BDF80000401CADF80000F9
:10256000BDF8000080B2BDF9041088420EDA53A80D
:10257000FEF74CFDBDF80020BDF802309BB2BDF95E
:1025800004104B4313FA82F18842D3D2002043A9AE
:10259000BDF800208854BDF90600411CADF80610B6
:1025A00043AAE97911FB00F189B20020EB68984752
:1025B000BDF80200401CADF80200BDF8027053A83F
:1025C000FEF724FDBDF90410B0FBF1F0401CBFB2D2
:1025D000874203D20020ADF80000C1E732008449F1
:1025E00053A801F08FF8BDF90600411CADF80610A4
:1025F00053AAE97911FB00F189B20020EB689847F2
:10260000002C74D00020ADF8020041E0BDF80010AD
:10261000BDF80020BDF802309BB2BDF90400434371
:1026200013FA82F0205C43AA89B25054BDF800002E
:10263000401CADF80000BDF8000080B2BDF90410E8
:1026400088420EDA2000FEF7E1FCBDF80020BDF85C
:1026500002309BB2BDF904104B4313FA82F1884259
:10266000D4D2002043A9BDF800208854BDF906004B
:10267000411CADF8061043AAE97911FB00F189B2BB
:102680000020EB689847BDF80200401CADF802003E
:10269000BDF802602000FEF7B9FCBDF90410B0FBE4
:1026A000F1F0401CB6B2864221D20020ADF8000005
:1026B000C1E74FF4807100220DF10C09484600F08B
:1026C000ABF83800A9688847002C07D00094330085
:1026D0004246484903A801F015F805E03300424698
:1026E000454903A801F00EF803A8A96888470DF52D
:1026F000137DBDE8F08310B53A480078002809D072
:102700003F4C2100002000F05DFD012221003B48EC
:1027100001F07DF810BD38B50C001500C0B20028DE
:1027200003D138480078002800D131BD36490878F7
:10273000002800D0FEE70878401C087001F070FA0D
:1027400000232A0021003148FFF777FEFFF754FEEF
:10275000F6E7002101804FF6FF7141808180FF2163
:102760008171C171002181600021C160002101617E
:1027700070471B4902880A8042884A8082888A8082
:1027800082798A71C279CA7182688A60C268CA60B5
:1027900000690861012013490870704700B585B0D1
:1027A0006846FFF7D6FF1A4802906846FFF7E1FF38
:1027B00005B000BD80B5FFF7F1FF002300225FF4F4
:1027C000E131002000F09EFE4023124A00210B4818
:1027D00001F0BDF90121002000F0BCFD01BD0000A9
:1027E000840E02280D0F02288090081030900810E7
:1027F0008C900810848F081008900810540E02283E
:102800000E0F0228AB0702280F0F02284090081075
:102810002F240810E40D022862F30F2262F31F42F6
:10282000401810F0030308D0C91A1FD3DB0748BFB4
:1028300000F8012D28BF20F8022D130030B41446F3
:102840001546103928BF20E93C00FAD8490728BFAF
:1028500020E90C0048BF40F8042D890028BF20F86B
:10286000022D48BF00F8012D30BC7047C91818BFB1
:1028700000F8012DCB0728BF00F8012D704700009C
:1028800030B4614B1818C009604C14EB00140429D3
:102890000DD223681F25C8008540AB43D2B212F089
:1028A0001F02C90012FA01F1194321600CE0091F4F
:1028B00063681F25C8008540AB43D2B212F01F02E7
:1028C000C9008A401A43626030BC7047002A04D1B4
:1028D000012212FA01F1416003E0012212FA01F132
:1028E0008160704710B48900436C0F248C40A3436F
:1028F00012F00F0212FA01F11943416410BC704743
:1029000010B4836C01248C40A34312F0010212FA2C
:1029100001F11943816410BC704710B4C36C0124E9
:102920008C40A34312F0010212FA01F11943C16471
:1029300010BC704710B449001031C36C03248C40A4
:10294000A34312F0030212FA01F11943C16410BC4F
:1029500070474269012212FA01F1416140697047F2
:1029600010B4836901248C40A34312F0010212FACF
:1029700001F11943816110BC704710B44900036C28
:1029800003248C40A34312F0030212FA01F119430D
:10299000016410BC7047F8B505000E001400002754
:1029A000002D2ED0002C2CD0226831002800FFF7FB
:1029B0008DFF227A31002800FFF762FF6269310043
:1029C0002800FFF79DFFA26931002800FFF7A5FF4F
:1029D000E26931002800FFF7ADFF6268310028008E
:1029E000FFF780FFE26831002800FFF7C6FF3100E3
:1029F0002800FFF7AEFF226931002800FFF7B0FF83
:102A000000E0034F3800F2BD0000CFBF00003040AF
:102A100001005A000122002800F0EC80002900F09B
:102A2000E980754A12680B7A63F392420B7B13F0CC
:102A3000030363F311420B7813F0070363F31A6285
:102A40008B7863F39E7291F8283063F3000291F85B
:102A5000343063F341020B7F63F382024B7F63F3F5
:102A6000C30291F8403063F38A2291F84030DBB220
:102A70005B08DBB263F3492291F8703063F30822FC
:102A800091F8713013F0030363F30D3202600A7A98
:102A9000002A02D10022826007E00A7A012A02D1CC
:102AA0004A69826001E0012282600A6A02614A6A20
:102AB0004261CA6A82610A6BC2614A6902628A69BA
:102AC00042624E4A126891F8443003F0FF03120A42
:102AD00012021A4391F84C3003F0FF0363F31742DC
:102AE00091F85C3003F0FF0363F31F6291F86C30E0
:102AF00003F0FF0363F30F224264414A126891F826
:102B0000643003F0FF0363F30F2291F8543003F0B5
:102B1000FF03120A12021A4382643A4A126891F8B9
:102B2000413013F00303920892001A4391F8603089
:102B300013F0030363F38B2291F8483013F003037F
:102B400063F3051291F8503013F0030363F3092285
:102B500091F8583013F0030363F3871291F868304B
:102B600013F0030363F38302C264274A126891F8E7
:102B7000723013F00703D208D2001A4391F8733071
:102B800013F0070363F30612426591F8352082675C
:102B90001E4A12680B7C13F00303920892001A433A
:102BA000CB7C13F0030363F387124B7C13F0030316
:102BB00063F383028B7C13F0030363F30512026556
:102BC000134A1268CB8863F31F428B889BB21B0A9F
:102BD0009BB263F30F220B78052B06D1097901F024
:102BE000FF01120A12020A4302E0497861F3070268
:102BF0000263002210007047589108105C91081081
:102C00006091081064910810689108106C91081088
:102C100070910810016851F0004101607047403028
:102C2000016851F01001016070474030016851F0B7
:102C30000401016070470000022801D3012010E068
:102C40000B00DBB2042B01DB01200AE0DFF8AC381B
:102C500003EB8000C9B2405C824201D3012000E056
:102C600000207047F8B504000F0015001E00022C6C
:102C700001D301202AE02A003900C9B22000FFF761
:102C8000DBFF012801D1012020E006983900C9B2FC
:102C900002291ED1B6F5803F19D2202817D24FF451
:102CA000C052DFF85C1863030B4403EB8503134445
:102CB0001F6866F317271F606403214401EB850139
:102CC00011440A6860F3C7020A600020F2BD0120C7
:102CD000FCE7FFB2032F1FD1B6F1807F1AD2202864
:102CE00018D24FF4E052DFF8181863030B4403EBDB
:102CF000850313441F6807F0FF0757EA06271F6084
:102D00006403214401EB850111440A6860F3C702A2
:102D10000A60DAE70120D9E70120D7E700B2001204
:102D2000C0B27047F8B505000E001700280000B2C9
:102D3000FFF7F4FF04002000C0B2022801D30120F5
:102D400024E03A003100C9B22000C0B2FFF774FF9E
:102D5000012801D1012019E0DFF8A4172000C0B23A
:102D6000400308442A00D2B200EB8200D0F8000CE5
:102D7000F6B266F3092067F30700E4B26403214466
:102D8000EDB201EB8501C1F8000C0020F2BD70B579
:102D900004000D001600022C01D301201DE03200BA
:102DA0002900C9B22000FFF747FF012801D1012007
:102DB00013E0DFF84C176003085850F0004050F063
:102DC000407050F47F00EDB265F3092066F3070010
:102DD0006203885064030859002070BDD0F8400396
:102DE0007047D0F80803C005C00D704710F5417159
:102DF0000A6852F480320A6010F541710A6832F4B0
:102E000080320A60D0F804037047C0F8401270475F
:102E1000D0F80802C005C00D7047D0F80802C0F312
:102E2000C030704738B505002800FFF7F1FF0400F7
:102E30002800FFF7F2FF0419002C01D1012000E067
:102E40000020C0B232BDC0F8C81F7047D0F8C80F0C
:102E50007047C0F8C01FD0F8C00F7047C0F8881F77
:102E60007047D0F8880F7047C0F8801FD0F8800FE7
:102E70007047016851F00041016070472DE9F84F3B
:102E80000400012500200020DFF838082100C9B225
:102E900050F82160D6F80403000601D1042700E0B1
:102EA00001273000FFF7D2FF3900C9B2084253D0E2
:102EB0003800C0B2012835D13000FFF792FF8046BC
:102EC0005FF0000901E019F101094046C0B28145F7
:102ED00022DADFF8F4A72000C0B21AF80000411C83
:102EE0002200D2B20AF80210DFF8E0172200D2B2B4
:102EF000120101EB020BC0B200903000FFF76EFF31
:102F000000990BF801002000C0B21AF80000102848
:102F1000D9DB3000FFF76AFF0120DFF8B417E4B215
:102F2000085513E03000FFF759FFDFF8A017220023
:102F3000D2B2120188540120DFF88C172200D2B2DD
:102F400088540120DFF88817E4B20855FFB2390031
:102F50003000FFF77EFF0AE03000FFF782FF8005B8
:102F600005D54FF400713000FFF77EFF00252800E3
:102F7000C0B2BDE8F28F38B504001500C9B200290F
:102F80000ED0102919D0202924D030292FD0312952
:102F90003AD0402945D0502950D060295BD067E015
:102FA000DFF83007A06001202073112060734FF418
:102FB0008C70E0811220208260E0DFF81C07A060A6
:102FC000012020731120607340F21D10E0816B20FE
:102FD000208253E0DFF80407A06001202073112055
:102FE00060734FF48E70E0816A20208246E0DFF843
:102FF000F006A060022020731120607340F21B10C5
:10300000E0816920208239E0DFF8D806A060012045
:1030100020731120607340F21B10E0816920208230
:103020002CE0DFF8C406A060012020731320607339
:103030004FF48D70E081682020821FE0DFF8AC063D
:10304000A060012020731120607340F21F10E08106
:103050006D20208212E0DFF89806A0600120207326
:10306000112060734FF48F70E0816C20208205E0A6
:10307000DE22DFF880160020FFF74DFBEDB2002DB9
:103080000ED0102D19D0202D24D0302D2FD0312D41
:103090003AD0402D45D0502D50D0602D5BD067E008
:1030A000DFF83006206000202071112060714FF49D
:1030B0008C70E0811220208261E0DFF81C06206025
:1030C000002020711120607140F21D10E0816B2002
:1030D000208254E0DFF804062060002020711120D7
:1030E00060714FF48E70E0816A20208247E0DFF843
:1030F000F0052060012020711120607140F21B104A
:10310000E081692020823AE0DFF8D80520600020C5
:1031100020711120607140F21B10E0816920208233
:103120002DE0DFF8C40520600020207113206071BD
:103130004FF48D70E0816820208220E0DFF8AC053C
:103140002060002020711120607140F21F10E0818A
:103150006D20208213E0DFF89805206000202071A8
:10316000112060714FF48F70E0816C20208206E0A6
:103170004FF49172DFF87C150020FFF7CCFA31BDD7
:1031800038B50400DFF83C55C9B22000C0B255F88C
:103190002000FFF73AFE2000C0B255F82000FFF7EC
:1031A00041FE0028F7D031BD38B504000D0005E020
:1031B00029782000C0B2FFF7E3FF6D1C28780028B3
:1031C000F6D131BD30B40022DFF804350200D2B2AE
:1031D0009A5C002A2CD0DFF8F4240400E4B2240125
:1031E000145D0C70DFF8E0440100C9B2615C491E57
:1031F0000500EDB261550100C9B2615C002912D031
:1032000000210300DBB2E35C99420FDA0300DBB27A
:103210001B0113440500EDB22D0115440D446D78DA
:103220005D54491CEDE70021C0B21954012000E0B3
:103230000020C0B230BC704770B505000C00DFF84C
:1032400084642800C0B256F82000FFF70AFE400848
:10325000400001002800C0B256F82000FFF7FEFD34
:103260002800C0B256F82000FFF7FBFD30F0020046
:1032700001002800C0B256F82000FFF7EFFD28003B
:10328000C0B256F82000FFF7ECFD30F0200001003E
:103290002800C0B256F82000FFF7E0FD2800C0B2B9
:1032A00056F82000FFF7DDFD30F040000100280057
:1032B000C0B256F82000FFF7D1FD2800C0B256F882
:1032C0002000FFF7CEFD30F0100001002800C0B252
:1032D00056F82000FFF7C2FD2800C0B256F82000C3
:1032E000FFF7BFFD30F4807001002800C0B256F82F
:1032F0002000FFF7B3FD2800C0B256F82000FFF70A
:10330000B0FD30F4806001002800C0B256F8200003
:10331000FFF7A4FD002C0ED02800C0B256F8200004
:10332000FFF794FD50F400700100EDB256F825004F
:10333000FFF794FD0DE02800C0B256F82000FFF71B
:1033400085FD30F400700100EDB256F82500FFF75E
:1033500085FD70BD70B505000C00DFF868632800BE
:10336000C0B256F82000FFF771FD30F008000100F0
:103370002800C0B256F82000FFF765FD2800C0B253
:1033800056F82000FFF762FD30F020000100280011
:10339000C0B256F82000FFF756FD2800C0B256F81C
:1033A0002000FFF753FD30F4807001002800C0B208
:1033B00056F82000FFF747FD2800C0B256F820005D
:1033C000FFF744FD30F4007001002800C0B256F849
:1033D0002000FFF738FD2800C0B256F82000FFF7A4
:1033E00035FD30F4006001002800C0B256F820001E
:1033F000FFF729FD2800C0B256F82000D0F80403DA
:1034000000061FD1002C5BD12800C0B256F8200066
:10341000FFF71CFD4008400001002800C0B256F82C
:103420002000FFF710FD2800C0B256F82000FFF77B
:103430000DFD30F004000100EDB256F82500FFF755
:1034400002FD70BD002C1DD02800C0B256F820002F
:10345000FFF7FCFC30F0040001002800C0B256F871
:103460002000FFF7F0FC2800C0B256F82000FFF75C
:10347000EDFC50F001000100EDB256F82500FFF719
:10348000E2FCDEE72800C0B256F82000FFF7DEFCC1
:1034900030F0040001002800C0B256F82000FFF709
:1034A000D2FC2800C0B256F82000FFF7CFFC40083D
:1034B00040000100EDB256F82500FFF7C4FCC0E75C
:1034C0002800C0B256F82000FFF7C0FC40084000BA
:1034D00001002800C0B256F82000FFF7B4FC280015
:1034E000C0B256F82000FFF7B1FC50F00400010014
:1034F000EDB256F82500FFF7A6FCA2E7A49008104D
:10350000000004402DE9F0412DED028BA8B005002C
:103510000E00170028003900C9B20909C0B288425C
:1035200001D1012000E000201C00DFF8C8814FF429
:1035300021724146C0B2FFF7EEF828002100C9B25F
:103540000909C0B2884201D1012000E0002040F208
:1035500085224146C0B2FFF7DEF802A8142100F030
:1035600087FB342100220DF168084046FFF754F92B
:103570004C2100220DF11C084046FFF74DF90820B0
:1035800080B206FB00F65C48B0FBF6F85A4806FB32
:10359000180000EE100AB8EE400B01EE106AB8EE0B
:1035A000411B80EE010BBFEEED0B10EE100B08EE91
:1035B000100A2200D2B23900C9B202A8FFF7DBFC20
:1035C00008201B909DF80D008DF870001AAA9DF838
:1035D0000C100298FFF7DFF906201B909DF81500EC
:1035E0008DF870001AAA9DF814100498FFF7D3F90B
:1035F00000200790082008900820099002200B90D6
:1036000000200C9000201290002014902D4C2800D7
:10361000C0B254F8200000F071FC38492A00D2B240
:10362000382042430A4407A92800C0B254F82000B9
:1036300000F022FB2800C0B254F82000FFF719FC6C
:103640002A00D2B20321BDF91600FFF76BFBBDF9CA
:103650001600FFF763FB8DED008AB8F101084346C1
:103660002A00D2B20321C0B2FFF7FCFABDF916005E
:10367000FFF754FB2A00D2B20321C0B2FFF787FB49
:10368000BDF91800ADF800000320ADF802000120DC
:103690008DF8040007221A482900C9B250F82110F9
:1036A000684600F0C9FA00212800C0B2FFF752FEB8
:1036B00000212800C0B2FFF7BFFD28B0BDEC028B8F
:1036C000BDE8F08184070228A80E02282C0D0228EC
:1036D000B00E0228000031400002314000053140A8
:1036E0008008314080063140000731400001314000
:1036F00080013140208D081000B4C404B4090228B0
:10370000680702280CB430B583B00A4606A90291B6
:10371000044600250194009502AB01A908487844AD
:103720001E30FCF7B0FC019A157000284EBF04460D
:103730000198041B204603B030BC5DF80CFB00BFB1
:1037400083D8FFFF82688918816003E0826841693D
:10375000521A8260816842699142F7D27047C2680A
:103760008918C16003E0C2684169521AC260C16829
:1037700042699142F7D2704770B50400002C01D025
:10378000012000E000205422DFF8FC13C0B2FEF755
:10379000C2FF0025207850F0010020700020A060BA
:1037A0000020E060606920616078002803D0022872
:1037B00010D007D315E06169002266683000FFF77A
:1037C0002BF80EE061694900002266683000FFF7BF
:1037D00023F806E061698900002266683000FFF77F
:1037E0001BF8002020702800C0B270BD10B5040086
:1037F000002C01D0012000E000207022DFF88813A7
:10380000C0B2FEF788FF60692169401A10BD2DE93A
:10381000F84305001600002D01D0012000E0002033
:103820000C00AA22DFF86013C0B2FEF774FF002775
:103830000020002C01D10327B5E0287810F0050FF7
:1038400001D00427AFE0287850F0040028702869E0
:10385000B042C0F0A380D5F81480A868B8EB000887
:10386000B04567D26878002803D0022841D01FD322
:1038700090E0424621006868AB6800EB03094846C7
:10388000FDF70CFC41462800FFF75CFFB6EB080291
:1038900004EB08016868AB6800EB03042000FDF747
:1038A000FDFBB6EB080841462800FFF74BFF71E02F
:1038B0005FEA480221006868AB6800EB43094846AC
:1038C000FDF7ECFB41462800FFF73CFFB6EB080292
:1038D000520004EB48016868AB6800EB4304200029
:1038E000FDF7DCFBB6EB080841462800FFF72AFF8E
:1038F00050E05FEA880221006868AB6800EB83094A
:103900004846FDF7CBFB41462800FFF71BFFB6EB0F
:103910000802920004EB88016868AB6800EB83043E
:103920002000FDF7BBFBB6EB080841462800FFF777
:1039300009FF2FE06878002803D002281DD00ED39D
:1039400028E0320021006868AB6800EB0304200027
:10395000FDF7A4FB31002800FFF7F4FE1AE0720027
:1039600021006868AB6800EB43042000FDF796FB7C
:1039700031002800FFF7E6FE0CE0B2002100686885
:10398000AB6800EB83042000FDF788FB31002800C2
:10399000FFF7D8FE2869861B2E6100E005272878EE
:1039A00010F0FB0028703800C0B2BDE8F2832DE9AA
:1039B000F04705000E001F00002D01D0012000E09F
:1039C00000201400DFF8C08140F25B124146C0B213
:1039D000FEF7A1FE002C01D0012000E000204FF4F2
:1039E000AE724146C0B2FEF796FE5FF000080020BE
:1039F0000020002E02D15FF003088BE0297811F03F
:103A0000030F03D020605FF006089CE02800FFF75A
:103A1000EDFE2168884209D220605FF00708002887
:103A200004D1287810F0F70028708CE0287850F046
:103A300008002870D5F81490E868B9EB00092068F0
:103A4000814522D36878002803D0022813D008D3F8
:103A50005CE022686868E96801443000FDF71EFBFD
:103A600054E0226852006868E96800EB41013000C8
:103A7000FDF714FB4AE0226892006868E96800EBF1
:103A800081013000FDF70AFB40E06878002803D090
:103A9000022827D011D339E04A466868E968014412
:103AA000B2465046FDF7FAFA2268B2EB090269689D
:103AB0004E443000FDF7F2FA28E05FEA49026868F8
:103AC000E96800EB4101B2465046FDF7E7FA22688B
:103AD000B2EB09025200696806EB49063000FDF7B7
:103AE000DDFA13E05FEA89026868E96800EB8101AA
:103AF000B2465046FDF7D2FA2268B2EB09029200B4
:103B0000696806EB89063000FDF7C8FA287810F0DE
:103B1000F7002870FFB2002F15D128780B2802D1AA
:103B20005FF002080FE0287850F00200287021684A
:103B30002800FFF714FE29692068411829612878B8
:103B400010F0FD0028704046C0B2BDE8F087F8B51F
:103B500004000E0017001D00002C01D0012000E021
:103B600000204FF407720849C0B2FEF7D4FD0020D0
:103B700067600021217066700021A1600021E16072
:103B800025616561C0B2F2BDF08B0810010009B279
:103B9000002908D4012210F01F018A401B4900B2FD
:103BA000400941F820207047010009B2002908D4DB
:103BB000012210F01F018A40154900B2400941F866
:103BC00020207047020012B2002A04D44901114A91
:103BD00000B2115407E049010F4A00B210F00F0083
:103BE000104400F8041C7047002800D162B60B484E
:103BF0000168491C0160704772B6084908680028CE
:103C000002D00868401E08600868704700E100E0C4
:103C100080E200E000E400E018ED00E0EC0E022895
:103C200080B5FFF7E9FFFEF7B3FA01BD80B5C9B271
:103C300000B2FFF7C7FF01BD70B504000D0016000C
:103C4000200000F0A3F92900B4F9000000F0DDF92C
:103C50003100C9B2B4F90200FFF7E8FFB4F902007D
:103C6000FFF7A2FFB4F90200FFF790FF70BD00005C
:103C7000002200F0E1B900002DE9F44FDFF8D8226E
:103C8000DFF8D8321B68DFF8D8422468DFF8D45256
:103C90002D68DFF8D4623668DFF8D0723F68DFF84D
:103CA000D0C2DCF800C0DFF8CCE2DEF800E0DFF8DC
:103CB000C882D8F80080DFF8C492D9F80090DFF805
:103CC000C0A2DAF800A0002800F01581002900F059
:103CD00012810A68022A06D191F82620002A02D110
:103CE0005FF0000B03E0D1F804B0BBF1010B91F8D9
:103CF0002420002A01D0012200E0002262F31043B8
:103D000033F440436BF30303022262F3196303604D
:103D10000A7812F0030262F31964046491F8252012
:103D2000002A01D0012200E0002262F38615CA7E3B
:103D3000002A01D0012200E0002262F38A254A7E97
:103D4000002A01D0012200E0002262F308258A7EC9
:103D5000002A01D0012200E0002262F349258A6B8B
:103D6000521E12F00F0262F313450A69521E12F03E
:103D70000702ED08ED0015434A6962F304154A692C
:103D8000520862F3451585640A7B002A01D001229E
:103D900000E0002262F308260A7E002A01D00122F8
:103DA00000E0002262F349268A68521E12F01F02C8
:103DB000760976011643C0F800630A7F02F0FF021D
:103DC0003F0A3F02174391F8202002F0FF0262F3FE
:103DD0001747C0F8107391F82720002A01D001225C
:103DE00000E0002262F3082C0A69521E12F007025A
:103DF0005FEADC0C5FEACC0C52EA0C0C4A6962F315
:103E0000041C4A69520862F3451CC0F844C00A7B8E
:103E1000002A01D0012200E0002262F3082E8A6805
:103E2000521E12F01F025FEA5E1E5FEA4E1E52EA49
:103E30000E0E0A68012A01D1012200E0002262F37D
:103E4000104EC0F800E291F83C2002F0FF025FEA59
:103E500018285FEA082852EA0808C0F8048391F895
:103E60002820002A01D0012200E0002262F35969D3
:103E7000CA6A012A01D1012200E0002262F3186916
:103E80004A6B012A01D1012300E00023009A63F369
:103E9000104991F8303003F0FF035FEA19295FEA17
:103EA000092953EA0909C0F8509091F8443003F009
:103EB000FF035FEA1A2A5FEA0A2A53EA0A0AC0F8ED
:103EC00004A28B6CC0F8883F096CC0F8C81F002A98
:103ED00010D0002050600020106000209060002072
:103EE000D060002010620020D06200201063DFF854
:103EF0009400506300221000BDE8F28FDFF88810B4
:103F000001605FF4401101640021816440F20711F7
:103F1000C0F800130022C0F804230022C0F81023C8
:103F200000224264C0F800120021C0F804120021EF
:103F300001650021C0F8C81E0021C0F8881E0021BC
:103F4000C0F8C81F0021C0F8881F0021C0F8081F52
:103F50000021C0F8481F70470160AA0014910810A2
:103F6000189108101C910810209108102491081035
:103F7000289108102C9108103091081034910810E5
:103F800038910810EFCDAB000F00000330B40021D2
:103F9000234A1368234A1468002832D0224A15683D
:103FA000C5F303250E2D0FD01268C2F303220D2A8C
:103FB00028D1827812F00F022409240114430279D7
:103FC000002A15D0012214E0827812F00F021B099A
:103FD0001B0113430279002A01D0012200E00022D4
:103FE00062F3DF73114AB0F9000042F8203009E0B3
:103FF000002262F3DF740E4AB0F9000042F820405C
:1040000000E00649080030BC70470A4B1A68002AD5
:1040100003D01A6800B242F8201070470100560021
:104020003C910810409108100000204000A0204062
:1040300000C02040EC06022800B500BF13009646E1
:104040009446103928BFA0E80C50FAD85FEA417CAA
:1040500028BF0CC048BF40F8042BC90728BF20F870
:10406000022B48BF00F8012B00BD0000DFF82C1622
:10407000C0B20860704710B50100DFF81006007884
:1040800000280CD10820DFF808261060C9B20120F2
:1040900000F04CFF0820DFF80816086019E0DFF890
:1040A000F405082202601022DFF8E4351A60DFF818
:1040B000E84504222260022202600800C0B2FFF735
:1040C000D5FF02202060082020601020DFF8D015E6
:1040D000086010BD10B50100DFF8B00500780028B9
:1040E00004D1C9B2012000F021FF11E0DFF8A405DE
:1040F00008220260DFF8A04504222260022202604A
:104100000800C0B2FFF7B2FF022020600820206044
:1041100010BD70B50400DFF874050078002805D1E3
:10412000210089B2012000F056FF1BE0DFF8646532
:1041300008203060DFF860550420286002203060DD
:10414000200080B2000AC0B2FFF790FF0220286072
:10415000022030602000C0B2FFF788FF02202860F4
:104160000820286070BDF8B504000D00DFF81C05BC
:104170000078002805D12A002100012000F080FFEE
:1041800021E0DFF8106508203060DFF80C750420AE
:10419000386012E002203060208880B2000AC0B28D
:1041A000FFF764FF02203860022030602088C0B230
:1041B000FFF75CFF02203860A41C2800451E002881
:1041C000E8D108203860F1BD2DE9F0470600150060
:1041D0001F00DFF8D0843000B8F8002080B2904291
:1041E00001D2012000E000200C00DFF8BC9440F276
:1041F00049124946C0B2FEF78EFADFF8B0A420009B
:10420000BAF8001080B2884201D2012000E00020FC
:104210004FF4A5724946C0B2FEF77DFA2800B8F8FF
:10422000001080B2884201D2012000E0002040F25C
:104230004B124946C0B2FEF76EFA3800BAF80010C9
:1042400080B2884201D2012000E000204FF4A67223
:104250004946C0B2FEF75FFA2A20FFF70CFF300094
:1042600080B2FFF756FF280080B2FFF752FF2B20E5
:10427000FFF701FF200080B2FFF74BFF380080B24C
:10428000FFF747FF2C20FFF7F6FEBDE8F08700B5EB
:1042900085B06846FEF75DFA0120ADF80000DFF852
:1042A00004040088ADF80200DFF800040088ADF8CF
:1042B0000400DFF800040078002803D002280FD0A3
:1042C00007D30DE006208DF8060008208DF80700C2
:1042D00006E008208DF8060010208DF80700FFE7A3
:1042E0000FF2FD2003900FF2110004906846FEF7D4
:1042F00040FA05B000BD00002DE9F041DFF8A453FD
:104300002888400001F088F8040000200020DFF831
:104310007C633078002803D10820DFF87813086028
:10432000DFF888733888431E9BB22888421E92B2F9
:1043300000210020FFF748FF002007E0DFF870139E
:104340000988020092B224F81210401C01002A8849
:1043500089B29142F2D35FF0000805E0298820007D
:10436000FFF701FF18F101084046398880B2884202
:10437000F4D33078002803D10820DFF81C1308603C
:10438000200001F052F8BDE8F081DFF82C1308702E
:1043900008780028012803D9801E01280AD912E0D4
:1043A000F020DFF8001308804FF4A070DFF8FC1253
:1043B000088008E04FF4A070DFF8E8120880F020D1
:1043C000DFF8E81208807047DFF8F0221080DFF88D
:1043D000E00201807047F8B5D8B005000E00140067
:1043E0002800DFF8C012098880B2884201D201207B
:1043F00000E00020DFF8B07240F25D223900C0B268
:10440000FEF789F93000DFF8A412098880B28842EB
:1044100001D2012000E0002040F25E223900C0B24B
:10442000FEF779F900200020DFF860723878002864
:1044300003D10820DFF85C120860DFF8780200780A
:10444000002804D0022800F0C18047D3BEE0F31D4D
:104450009BB26A1D92B2310089B2280080B2FFF788
:10446000B3FE002000E0401C0100C9B2062930DA8A
:104470000621DFF84C222300DBB24B431A44030031
:10448000DBB21A4412F8C02C00230CE040AD1E0031
:10449000F6B24E4356FA80F6DFF814C2BCF800C0FC
:1044A00025F816C011E01D00EDB2082DDBDAD507A6
:1044B000ECD540AD1E00F6B24E4356FA80F6DFF85A
:1044C000FCC1BCF800C025F816C0D2B252085B1C73
:1044D000E9E7302140A8FFF746FE77E016F10F0329
:1044E0009BB2EA1D92B2310089B2280080B2FFF778
:1044F0006BFE002000E0401C0100C9B2082960DA10
:10450000DFF8C0212100C9B2090111440300DBB268
:104510001944B1F5007109782300DBB21B011A447C
:104520000300DBB21A44B2F5FC72127800231DE0DE
:104530006D461E00F6B2F60056FA80F6DFF870C13E
:10454000BCF800C025F816C00DE0CD07F0D56D46CB
:104550001E00F6B2F60056FA80F6DFF860C1BCF82D
:1045600000C025F816C0C9B249085B1C1D00EDB299
:10457000082DEADB00210DE06B460D00EDB2ED00E9
:1045800055FA80F503EB4503DFF824512D88A3F895
:10459000805012E00B00DBB2082BACDAD307EBD56E
:1045A0006B460D00EDB2ED0055FA80F503EB4503C7
:1045B000DFF808512D88A3F88050D2B25208491C68
:1045C000E8E780216846FFF7CEFDFFE7387800284E
:1045D00002D108203049086059B0F0BD0000000049
:1045E000F8B504000E0015002000DFF8B8100988A7
:1045F00080B2884201D2012000E00020DFF8A870DC
:1046000040F2BA223900C0B2FEF785F83000DFF878
:104610009C10098880B2884201D2012000E000206D
:1046200040F2BB223900C0B2FEF775F800270EE059
:104630000CE0380080B22A5C310089B2380080B2C8
:10464000C00010FA84F080B2FFF7C5FE7F1C38006E
:1046500080B2285C002817D0DFF86C0000780028B2
:1046600003D00228E4D0E4D3F0E7380080B22A5C1B
:10467000310089B23B009BB20620434313FA84F019
:1046800080B2FFF7A8FEE1E7F1BD0000150F022898
:10469000040B3140040631400806314080063140A9
:1046A000080B3140A0070228A08B0810A20702289F
:1046B000A6070228AC070228160F0228A407022822
:1046C000587D081008670810AC07022808B430B5F8
:1046D000C0B004000D00110043AA684600F0A8FE17
:1046E0006A46290089B2200080B2FFF779FF40B006
:1046F00030BC5DF808FBFEB5C0B2002830D1002008
:10470000CF490870D34CB4202070D34D5820287066
:10471000D24E6320307008200290042001900120C6
:1047200000900123CE4A0021012000F011FD032357
:1047300000220121B32000F0D7FE03230022012133
:10474000207800F0D1FE032301220121307800F00F
:10475000CBFE032301220121287800F0C5FE5FE093
:104760000120B7490870BB48B3210170BA4C5821E9
:104770002170BA4D632129700323002201210078A2
:1047800000F0B2FE032300220121207800F0ACFEED
:10479000032301220121287800F0A6FE0323002232
:1047A0000121622000F0A0FE0323002201216120EC
:1047B00000F09AFE032301220121B42000F094FEB0
:1047C000032301220121682000F08EFE0323012231
:1047D0000121692000F088FE0323012201216A20C3
:1047E00000F082FE0323012201216B2000F07CFEF9
:1047F0000323012201216C2000F076FE0323012215
:1048000001216D2000F070FE0323012201216E20A2
:1048100000F06AFE0323012201216F2000F064FEF4
:10482000904C2078FFF7B1FD8848018888480088BF
:10483000FFF7CAFD8C4D01268748017811F007016A
:1048400016FA01F10078C01015EBC0100160814F1D
:10485000387810F0070016FA00F03978C910834A4A
:1048600012EBC1121060052000F036FF387810F00E
:10487000070086403878C01015EBC0152E607820F0
:1048800000F02AFF6E4D2878002802D108206D49DB
:1048900008601120FFF7EFFB782000F01DFF3620A5
:1048A000FFF7E9FB2078002805D002280BD006D3BB
:1048B00003280CD00EE00020FFF70CFC0AE0C0201B
:1048C000FFF708FC06E07020FFF704FC02E0A020E0
:1048D000FFF700FC3A20FFF7CEFB0520FFF7FAFBBD
:1048E000B220FFF7C8FB0C20FFF7F4FB0C20FFF70A
:1048F000F1FB0020FFF7EEFB3320FFF7EBFB33204B
:10490000FFF7E8FBB720FFF7B6FB3520FFF7E2FB28
:10491000BB20FFF7B0FB2920FFF7DCFBC220FFF72D
:10492000AAFB0120FFF7D6FBC320FFF7A4FB192049
:10493000FFF7D0FBC420FFF79EFB2020FFF7CAFB48
:10494000C520FFF798FB1A20FFF7C4FBC620FFF72E
:1049500092FB1F20FFF7BEFBD020FFF78CFBA420AB
:10496000FFF7B8FBA120FFF7B5FBE020FFF783FBC3
:10497000D020FFF7AFFB0820FFF7ACFB0E20FFF7BE
:10498000A9FB0920FFF7A6FB0920FFF7A3FB0520E1
:10499000FFF7A0FB3120FFF79DFB3320FFF79AFBC9
:1049A0004820FFF797FB1720FFF794FB1420FFF731
:1049B00091FB1520FFF78EFB3120FFF78BFB342096
:1049C000FFF788FBE120FFF756FBD020FFF782FBC3
:1049D0000820FFF77FFB0E20FFF77CFB0920FFF785
:1049E00079FB0920FFF776FB1520FFF773FB3120D9
:1049F000FFF770FB3320FFF76DFB4820FFF76AFBE2
:104A00001720FFF767FB1420FFF764FB1520FFF763
:104A100061FB3120FFF75EFB3420FFF75BFB2120B9
:104A2000FFF729FB2920FFF726FB2878002802D171
:104A3000082005490860FFF75FFCFFF728FCF7BD79
:104A4000150F02280406314008063140A607022847
:104A5000A4070228AD070228AE070228AF070228E4
:104A600080C3C901160F02280800314004003140FC
:104A7000C0F840127047D0F80802C005C00D70475A
:104A8000D0F80802C0F3C030704738B505002800E0
:104A9000FFF7F1FF04002800FFF7F2FF0419002CD4
:104AA00001D1012000E00020C0B232BD0068C0F397
:104AB0008130002801D1802000E04020704701684B
:104AC00051F00041016070472030026861F39B6241
:104AD00002607047022801D3012010E00B00DBB216
:104AE000042B01DB01200AE0DFF84C3603EB8000E9
:104AF000C9B2405C824201D3012000E0002070472F
:104B0000F8B504000F0015001E00022C01D301208F
:104B10002AE02A003900C9B22000FFF7DBFF012894
:104B200001D1012020E006983900C9B202291ED126
:104B3000B6F5803F19D2202817D24FF4C052DFF8C3
:104B4000FC1563030B4403EB850313441F6866F3F2
:104B500017271F606403214401EB850111440A6893
:104B600060F3C7020A600020F2BD0120FCE7FFB23B
:104B7000032F1FD1B6F1807F1AD2202818D24FF40C
:104B8000E052DFF8B81563030B4403EB85031344CD
:104B90001F6807F0FF0757EA06271F6064032144D8
:104BA00001EB850111440A6860F3C7020A60DAE785
:104BB0000120D9E70120D7E700B20012C0B2704748
:104BC000F8B505000E001700280000B2FFF7F4FF4B
:104BD00004002000C0B2022801D3012024E03A00E2
:104BE0003100C9B22000C0B2FFF774FF012801D123
:104BF000012019E0DFF844152000C0B2400308444A
:104C00002A00D2B200EB8200D0F8000CF6B266F3B4
:104C1000092067F30700E4B264032144EDB201EB1D
:104C20008501C1F8000C0020F2BD70B504000D0034
:104C30001600022C01D301201DE032002900C9B268
:104C40002000FFF747FF012801D1012013E0DFF822
:104C5000EC146003085850F0004050F0407050F4DD
:104C60007F00EDB265F3092066F307006203885008
:104C700064030859002070BD0100C020C9B200299A
:104C800005D0022907D004D3032906D006E012205C
:104C900004E0622002E07A2000E01A20C0B27047EF
:104CA0000100C020C9B2002905D0022907D004D3D1
:104CB000032906D006E0112004E0612002E07920FB
:104CC00000E01920C0B270470100C020C9B200291D
:104CD00005D0022907D004D3032906D006E010200E
:104CE00004E0602002E0782000E01820C0B27047A5
:104CF0000100C020C9B200290BD002290DD00AD36F
:104D000004290ED00BD306290FD00CD307290ED0BF
:104D10000EE013200CE014200AE0632008E0642079
:104D200006E07B2004E0292002E01B2000E01C209C
:104D3000C0B2704701000020C9B2002905D0022985
:104D400007D004D3032906D006E0132004E0132083
:104D500002E0132000E01320C0B2704701000020E1
:104D6000C9B2002905D0022907D004D3032906D0EF
:104D700006E0132004E0132002E0132000E01320DB
:104D8000C0B2704701000020C9B2002905D0022935
:104D900007D004D3032906D006E0132004E0132033
:104DA00002E0132000E01320C0B270470100002091
:104DB000C9B200290BD002290DD00AD304290ED084
:104DC0000BD306290FD00CD307290ED00EE01320E9
:104DD0000CE013200AE0132008E0132006E0132063
:104DE00004E0132002E0132000E01320C0B270475B
:104DF000C9B2082902D0102946D096E0DFF8401346
:104E00000200D2B251F82220126832F4404203006C
:104E1000DBB251F823301A600200D2B251F82220DE
:104E2000D2F80022520952010300DBB251F82330BC
:104E3000C3F800220200D2B251F82220D2F8002298
:104E400052F007020300DBB251F82330C3F800220E
:104E50000200D2B251F82220D2F8002352095201A6
:104E60000300DBB251F82330C3F800230200D2B2B2
:104E700051F82220D2F8002352F00702C0B251F8B4
:104E80002000C0F8002350E0DFF8B4120200D2B2D4
:104E900051F82220126832F440420300DBB251F88C
:104EA00023301A600200D2B251F82220126852F464
:104EB00080420300DBB251F823301A600200D2B204
:104EC00051F82220D2F80022520952010300DBB22D
:104ED00051F82330C3F800220200D2B251F8222048
:104EE000D2F8002252F00F020300DBB251F8233057
:104EF000C3F800220200D2B251F82220D2F80023D7
:104F0000520952010300DBB251F82330C3F80023E9
:104F10000200D2B251F82220D2F8002352F00F0240
:104F2000C0B251F82000C0F800237047F8B5040063
:104F30000E0008212000C0B2FFF75AFFDFF804522C
:104F40002000C0B2285C08280FD02000C0B2285C26
:104F5000C010DFF8F41111EBC01101202200D2B211
:104F6000AA5C12F0070290400860DFF8D471F6B234
:104F700031002000C0B257F82000FFF779FD200073
:104F8000C0B257F82000FFF791FD06002000C0B224
:104F900057F82000FFF76FFD8642F0D02000C0B226
:104FA00057F82000FFF771FD0028F7D02000C0B2AD
:104FB000285C08280ED02000C0B2285CC010DFF8A2
:104FC0008C1111EBC0110120E4B22A5D12F007022E
:104FD00090400860F1BDF8B504000E0010212000DB
:104FE000C0B2FFF705FFDFF85C512000C0B2285CBB
:104FF00008280FD02000C0B2285CC010DFF848118C
:1050000011EBC01101202200D2B2AA5C12F00702FB
:1050100090400860DFF82871B6B231002000C0B2BD
:1050200057F82000FFF724FD2000C0B257F82000F9
:10503000FFF73CFD06002000C0B257F82000FFF744
:105040001AFD8642F0D02000C0B257F82000FFF7CA
:105050001CFD0028F7D02000C0B2285C08280ED024
:105060002000C0B2285CC010DFF8E01011EBC011C6
:105070000120E4B22A5D12F0070290400860F1BD01
:105080002DE9F84307000D00140010213800C0B2CC
:10509000FFF7AEFEDFF8AC603800C0B2305C082825
:1050A0000FD03800C0B2305CC010DFF89C1011EB9C
:1050B000C01101203A00D2B2B25C12F00702904057
:1050C0000860DFF87C8029883800C0B258F82000DA
:1050D000FFF7CEFCAD1C3800C0B258F82000FFF737
:1050E000E5FC81463800C0B258F82000FFF7C3FC49
:1050F0008145F0D0641E002CE3D13800C0B258F8CE
:105100002000FFF7C2FC0028F7D03800C0B2305CA6
:1051100008280ED03800C0B2305CC010DFF82C1068
:1051200011EBC0110120FFB2F25D12F007029040B6
:105130000860BDE8F1830000A4900810000004405E
:1051400058070228FC0E02280400314008003140B4
:105150002DE9F84F2DED028B9EB006000F00994609
:10516000042080B202FB00F2A848B0FBF2F8A74886
:1051700002FB180000EE100AB8EE400B01EE102AF8
:10518000B8EE411B80EE010BBFEEED0B10EE100BE5
:1051900008EE100A3421002201AC2000FDF73CFB90
:1051A0003C2100220EAC2000FDF736FB30004946C2
:1051B000C0B2C9B2884201D1012000E000202A9D7E
:1051C000DFF84CA24FF470725146C0B2FDF7A3FA5B
:1051D00048462900C0B2C9B2884201D1012000E08E
:1051E00000202B9C40F2C1325146C0B2FDF793FA29
:1051F000062002902800C0B2FFF7B0FD8DF80C0029
:105200002800C0B2FFF74CFD82465FF0080B280073
:10521000C0B2FFF745FD7F4D01AA9AFBFBF10BFBE6
:1052200011AA5146C0B2C010C0012844FDF7B3FB1B
:10523000062002904846C0B2FFF77CFD8DF80C00B6
:105240004846C0B2FFF718FD82465FF0080B48469B
:10525000C0B2FFF711FD01AA9AFBFBF10BFB11AAEB
:105260005146C0B2C010C0012844FDF794FB200095
:10527000C0B204281ED0082002902000C0B2FFF760
:1052800081FD8DF80C002000C0B2FFF71DFD8146A6
:105290005FF0080A2000C0B2FFF716FD01AA99FBD3
:1052A000FAF10AFB11994946C0B2C010C001284466
:1052B000FDF771FB2C9C2000C0B208281ED00620F0
:1052C00002902000C0B2FFF771FD8DF80C002000A5
:1052D000C0B2FFF70DFD81465FF0080A2000C0B2A2
:1052E000FFF706FD01AA99FBFAF10AFB119949465D
:1052F000C0B2C010C0012844FDF74DFB3000C0B261
:10530000032803D23000C0B2401C00E0002032006D
:10531000D2B2D21D032110F58F7000B2FFF750FCFE
:105320003000C0B2032803D23000C0B2401C00E0FD
:10533000002010F58F7000B2FFF73EFC8DED008A63
:10534000B8F1010843463200D2B2D21D0321C0B2E7
:10535000FFF7D6FB3000C0B2032803D23000C0B242
:10536000401C00E0002010F58F7000B2FFF724FC15
:105370003200D2B2D21D0321C0B2FFF756FCFFB2F9
:10538000002F05D0022F09D005D3032F09D00AE042
:105390000020109007E00120109004E002201090FF
:1053A00001E00320109001200E9000200F900420B7
:1053B0001190082012900820139001208DF85000C1
:1053C00001208DF85300104D00220EA93000C0B20C
:1053D00055F8200000F010FA00213000C0B255F856
:1053E0002000FFF771FB3000C0B255F82000FFF736
:1053F00066FB0448F6B284551EB0BDEC028BBDE8D6
:10540000F18F0000FC0E02285807022800B4C404E3
:10541000D48C08100000314010B500F0E5FA04000B
:1054200008BFFCF7CDF8204610BD00F07BBB0000A4
:1054300037B5044600250A460194009502AB01A940
:10544000074878441A30FAF71EFE019A15700028B2
:105450004EBF04460198041B204603B030BD00BF78
:1054600063BBFFFF0069C84010F0010070470122D4
:1054700012FA01F181607047012212FA01F14160D4
:10548000704780B5C9B200290ED00100C9B2082208
:1054900091FBF2F302FB1311354AC0B2C010C001F8
:1054A0001044FFF7E4FF0DE00100C9B2082291FBB0
:1054B000F2F302FB13112E4AC0B2C010C001104417
:1054C000FFF7DAFF01BD80B50100C9B2082291FBE8
:1054D000F2F302FB1311264AC0B2C010C0011044FF
:1054E000FFF7C0FFC0B202BD2DE9F8418DB0040046
:1054F0000E0015001F0034210022E8464046FDF74B
:105500008BF9F6B2002E0ED1FFB2002F02D0022F7F
:1055100003D005E00F2001900DE0082001900AE083
:105520000820019007E0FFB2042F02D10F20019064
:1055300001E00E2001902000C0B2C0280FD0210051
:10554000C9B208206A4691FBF0F300FB131108482A
:105550002300DBB2DB10DB011844FDF71CFA290045
:10556000C9B22000C0B2FFF78CFF0EB0BDE8F081D9
:1055700000003140022801D301200FE00B00DBB214
:10558000042B01DB012009E0954B03EB8000C9B23D
:10559000405C824201D3012000E000207047F8B552
:1055A00006000F0015001C00022E01D301201CE094
:1055B0002A003900C9B23000FFF7DCFF012801D111
:1055C000012012E03800C0B2002811D1B4F5807F6C
:1055D0000CD284487603304400EB850010F58050EF
:1055E000016864F30F2101600020F2BD0120FCE797
:1055F000FFB2012F10D1B4F5803F0BD2794876036A
:10560000304400EB850010F5A050016864F31721C9
:105610000160E9E70120E8E70120E6E700B20012B7
:10562000C0B27047F8B505000E001700280000B2A0
:10563000FFF7F4FF04002000C0B2022801D30120CC
:1056400023E03A003100C9B22000C0B2FFF792FF58
:10565000012801D1012018E062492000C0B24003B6
:1056600008442A00D2B200EB8200D0F8000CF6B257
:1056700066F3092067F30700E4B264032144EDB246
:1056800001EB8501C1F8000C0020F2BD70B50400EB
:105690000D001600022C01D301201CE0320029006D
:1056A000C9B22000FFF766FF012801D1012012E0F6
:1056B0004C496003085850F0004050F0407050F4DE
:1056C0007F00EDB265F3092066F30700620388509E
:1056D00064030859002070BDF8B504004FF4FA5077
:1056E0004443414D414E00212878C001304400F030
:1056F000E0FA14E02878C001304400F0DCFAB84247
:10570000F8D33B4F3C192878C001304400F0D3FA5D
:105710003F1839002878C001304400F0CAFA4CF232
:105720005137BC42E6D22878C001304400F0C3FAB9
:105730008442F8D2F1BD38B594B0502100226C46B5
:105740002000FDF769F82B4C00220121B4F900007C
:10575000FFF768FFB4F90000FFF760FF092300229C
:105760000121C0B2FFF71BFFB4F90000FFF756FF9D
:1057700000220121C0B2FFF789FF5FF0FF300090E7
:1057800000208DF8040000208DF8050000208DF821
:10579000060000208DF8080003208DF84400012049
:1057A000129001208DF807000F4C104D69462078AB
:1057B000C001284400F0B8F92078C001284400F066
:1057C00073FA00212078C001284400F072FA207892
:1057D000C0012844FDF723FA15B030BD00000000D9
:1057E000A490081000000440B007022800005940AF
:1057F000B03CFFFFA80702282DE9F041DFF8D031C7
:105800001C00DFF8D051D5F800C0DFF8CC512D686E
:10581000DFF8C8613668DFF8C8713F685FF0000ED6
:105820005FF0000E002800F0D080002900F0CD804D
:105830004C68002C01D18C6805E04C68022C01D129
:10584000002400E00224D1F810E0D1F81480C6450D
:1058500002D3D1F810E001E0D1F814E0BEF1090F55
:1058600008D23CF4404C91F82130002B12D05CF46B
:10587000807C11E0BEF1110F03D2012363F38F3C52
:10588000F1E7BEF1210F03D2022363F38F3CEAE775
:1058900018009BE03CF4807CCB685B1E13F00F0388
:1058A0005FEA1C1C5FEA0C1C53EA0C0C012363F337
:1058B000196CC0F800C00B7F002B01D0002300E062
:1058C000012363F300054B681B0963F34105CB7E9D
:1058D00063F304154B7E63F345150B68012B01D16F
:1058E000012300E0002363F3DF7523005B0863F30B
:1058F000820564F3C3054B7F63F308258B7F63F355
:105900004925CB7F63F38A2591F8203063F3CB25BB
:105910000B7913F0030363F3196505620B7E63F3E0
:1059200008278B7E63F349270B695B1E13F01F0367
:105930007F097F011F43C0F8007391F8243003F002
:10594000FF0310F5417425682D0A2D022B432360B7
:105950000B7E63F308264B695B1E13F01F03760969
:1059600076011E43C0F8006291F82C3003F0FF036B
:1059700010F5017425682D0A2D022B4323600B6B53
:10598000C0F8883F8B6AC0F8C83F91F8383010F5EE
:105990007064256863F34925256091F8391010F586
:1059A00074631C6861F3CB241C600021C0F8C81E1E
:1059B000002A09D000201060002090610020D060F3
:1059C0000020D0610748106200242000BDE8F0816B
:1059D0000140AA0004910810089108100C910810C9
:1059E00010910810EFCDAB0010B50446AFF3008066
:1059F000204600F005F80446AFF30080204610BDB5
:105A0000F8B500F10F04E408E400A0422BD2082C02
:105A100004D2082402E0083000F047F8DFF8002143
:105A20001368190005D1002007E00568A5420DD2D2
:105A3000011D08680028F8D11868111D00E0191D23
:105A40000B6883420BD01D68A542F8D359B10B688F
:105A500018680838A04208D2586808600FE000F0C3
:105A60003BF90028D7D10020F2BD181908601D1D90
:105A7000586828511E680F68361B3E601C60096814
:105A800000291DBF48680028081D0020106003F190
:105A90000800F2BD10B5040006D0AFF30080204628
:105AA00000F003F8AFF3008010BD002800D170476C
:105AB00070B4A0F108021368072B2ED913F0070F5A
:105AC0002BD1DFF85C40616809B18A4203D2516092
:105AD000626015E00146486808B19042FAD3086850
:105AE0000E18B24219D3964203D11B180B600A4616
:105AF00006E0486810B1134498420ED350604A60E3
:105B0000506850B11368D518854206D1002626602A
:105B10000168CB1813604068506070BC704700008B
:105B2000B80E0228FFF7B6BF10B4012291F84C302E
:105B3000052B03D291F84D30052B01D31000A7E0BF
:105B4000002800F0A480002900F0A180514A1268CA
:105B50004B7963F392428B7913F0030363F31142A1
:105B60000B7A13F0070363F31A62CB7963F39E7227
:105B70000B7D63F3000291F8243063F3410202606D
:105B80000A7910F130031C6862F307041C604A793B
:105B9000012A0BD18A79002A02D10022826007E013
:105BA0008A79012A04D10A68826001E001228260B8
:105BB000CA6802610A694261CA6982610A6AC2618D
:105BC0000A680262344A12680B7E03F0FF03120A6D
:105BD00012021A4391F8303003F0FF0363F31742C7
:105BE00091F8403003F0FF0363F31F6291F84830EF
:105BF00003F0FF0363F30F224264284A126891F80E
:105C0000383003F0FF03120A12021A4391F82830C9
:105C100003F0FF0363F30F228264214A12688B7D35
:105C200013F00303920892001A4391F8253013F001
:105C3000030363F38B2291F82C3013F0030363F317
:105C4000051291F8343013F0030363F3092291F83D
:105C50003C3013F0030363F3871291F8443013F0E0
:105C6000030363F38302C2640E4A126891F84C3056
:105C700013F00703D208D2001A4391F84D3013F005
:105C8000070363F306124265497D81670022100015
:105C900010BC704744910810489108104C910810AE
:105CA0005091081054910810016851F000410160B2
:105CB000704781607047806870477830016851F0A4
:105CC00001010160704710F170010A6852F0010291
:105CD0000A60006F704700000749086808B100209B
:105CE00070470648C008C00008600549C908C900D7
:105CF000091A0160704700BF000F022807DC07285F
:105D000000E00728DFF8C4110868C0F3400000284D
:105D100001D0022002E0086810F001007047DFF8AF
:105D2000B001006810F0010070470000C21E022A96
:105D300001D3012002E0C01E0860002070471CB59E
:105D4000FF246946FFF7F2FFC0B2002802D020000E
:105D5000C0B207E0DFF8FC01009950F8210010F014
:105D60000100C0B216BD0000002801D0032801D3F5
:105D7000012002E0401E0860002070471CB5FF248F
:105D80006946FFF7F1FFC0B2002802D02000C0B280
:105D900008E0DFF8C401009909010844C06810F068
:105DA0000100C0B216BD0000DFF8BC010068800829
:105DB00010F00100704738B504002000C0B2082878
:105DC00011D3DFF898511822DFF89411280000F061
:105DD0000DFC0020E87540F65B00DFF888110860D4
:105DE000002000F03BFCDFF8CC112000C0B251F8DD
:105DF0002000C0F30020002805D0E4B251F82400B0
:105E000010F00F0000E0FF2032BD38B50400200084
:105E1000C0B2082811D3DFF844511822DFF840112E
:105E2000280000F0E3FB0020E8754FF40960DFF87C
:105E300034110860002000F011FCDFF87801E4B2B2
:105E400050F82400C0F30110C0B232BDDFF8682161
:105E50001368C3F3072303601068C0F3C40008602D
:105E60007047DFF858211368C3F3072303601068F5
:105E7000C0F3C4000860704738B50400072C11D384
:105E8000DFF8D8501822DFF8C411280000F0AEFB6C
:105E90000020E8754FF4CE70DFF8C81008600020CD
:105EA00000F0DCFBDFF8A00150F8240010F0070040
:105EB000010009B2042907D1DFF8880150F8240055
:105EC00010F01F0050F4807000B232BD241526403F
:105ED00040152640DFF8B01209688A03920B026071
:105EE000090E11F00101C171DFF8A01209680A0062
:105EF000D204D20C82800A00120C02F0FF0202814E
:105F0000090C01F0FF014181DFF84411096811F02B
:105F10000F0202730A00C2F3031242730A00120A4C
:105F2000D204D20CC281090F11F003010174DFF811
:105F3000641309680A00120A12F0070282710A004B
:105F4000120CD205D20D4282890F11F001010175A8
:105F50007047000040162640001926403C0E0228DB
:105F6000E88A0810C00E0228100027401CB50C005B
:105F70006946FFF7DBFE0100C9B2002901D0C0B2BB
:105F800017E0DFF8B404009950F8210010F07F0109
:105F90002160C0F304216160C0F30441A1600100ED
:105FA000090F11F003016173C00E10F0010020739E
:105FB000002016BD40122640080020400804204062
:105FC0001CB50C006946FFF7CFFE0100C9B20029DD
:105FD00001D0C0B235E0DFF8101500980001085874
:105FE00000F0FF022260C0F304226260C0F30442AA
:105FF000A260000F10F00300207300980001084415
:1060000042681000C00F6073C2F30270002801D014
:10601000012000E00020A07322F07F42226100985E
:106020000001084480680100C90F21750100090EB4
:1060300011F001016175A075000C10F00700E0750A
:10604000002016BD0001264000122640448B081097
:106050003815264080B50100DFF868051822FBF7E7
:106060002DF80120DFF860150870002002BDDFF870
:106070005C150968C90F002908D0DFF84C150978AC
:10608000002907D100210160032070470021016031
:106090000320FAE7DFF82C15096801600020F4E717
:1060A00010B50400FFF72EFE002803D10020206069
:1060B00003200DE0DFF810050078002805D0DFF898
:1060C000040580682060002002E00020206003209A
:1060D00010BD0000DFF8F0140978002905D0DFF8C2
:1060E000E41449680160002002E0002101600320FF
:1060F0007047DFF8DC140968C90F002908D0DFF801
:10610000C8140978002907D10021016003207047D5
:10611000002101600320FAE7DFF8A814C9680160D4
:106120000020F4E7DFF8AC140968C90F002908D093
:10613000DFF894140978002907D1002101600320B9
:106140007047002101600320FAE7DFF8781409693D
:1061500001600020F4E710B50400FFF725FE0028D9
:1061600003D10020206003200DE0DFF85C040078FC
:10617000002805D0DFF84C0440692060002002E0D0
:1061800000202060032010BD301526403415264025
:1061900010B50C00C0B2FFF76FFE00280ED001282A
:1061A00010D0022812D0B0F5887F13D040F2111120
:1061B000884213D0B0F58A7F14D017E02000FFF793
:1061C00056FF16E02000FFF785FF12E02000FFF7E2
:1061D00067FF0EE02000FFF78CFF0AE02000FFF7CA
:1061E000BAFF06E02000FFF79DFF02E000202060DC
:1061F000032010BD80B501000020FFF7C9FF02BDDC
:1062000080B50322D2B2824203D20020086001206E
:1062100003E0401CC0B2FFF7BBFF02BD18B587B05A
:1062200004006846FFF7E6FF0100C9B2002903D069
:1062300000212160C0B22BE001A8FFF74BFE9DF8C2
:106240001400022803D100982060002020E0DFF82D
:1062500088030068C00F002808D0FFF760FDC0B2B7
:10626000002807D100202060032011E00098206062
:1062700000200DE0009901984143BDF80800B1FBF2
:10628000F0F09DF80B10491CB0FBF1F020600020ED
:1062900008B010BD3C152640F0B58BB005000C00D1
:1062A00069462800C0B2FFF7ABFF0100C9B2002960
:1062B00003D000212160C0B2BCE02800C0B2022897
:1062C0004CD307A92800C0B2401CFFF74FFEC0B254
:1062D000002811D0DFF804631822DFF8041330001F
:1062E00000F084F90020F07540F66310DFF8F41236
:1062F0000860002000F0B2F94F482900C9B200EB55
:10630000810050F8080CC00F002807D09DF8290024
:10631000022807D10098206000208BE000982060C0
:10632000002087E0EDB26D1C2800FFF708FD01009A
:10633000C9B2002902D0C0B2FF2803D100202060DA
:10634000032077E00099079841430898B1FBF0F0EB
:106350000999B0FBF1F0206000206BE001A9280052
:10636000C0B2401CFFF72CFEC0B2002811D0DFF8ED
:106370006C621822DFF86812300000F037F9002054
:10638000F07540F67F10DFF85C120860002000F026
:1063900065F955482900C9B209014058C00F0028C5
:1063A00007D09DF81000022807D100982060002037
:1063B00040E00098206000203CE0EDB26D1C280019
:1063C000FFF7DCFC0100C9B2002902D0C0B2FF28EF
:1063D00003D10020206003202CE09DF8110001284B
:1063E0001DD1009A0023019E00273F0647EA162789
:1063F00036060598002136184F41A6FB020106FB20
:10640000031107FB0211029A039BA3FB0223FAF775
:10641000BFFF000E40EA0120090E206009E000994C
:10642000019841430298B1FBF0F00399B0FBF1F001
:10643000206000200BB0F0BD0016264010B50323ED
:10644000421E0400E4B2002C03D10800FFF7E6FE70
:106450000CE01400DBB2E4B2A34204D31000C0B2DB
:10646000FFF71AFF02E0C0B2FFF792FE10BD38B589
:1064700005000C002800C0B2FFF79DFC0100C9B266
:10648000FF2904D12000FFF7F2FDC0B21BE06946EE
:10649000C0B2FFF7D3FF0100C9B2002903D0002129
:1064A0002160C0B20FE02800C0B2FFF7AEFCC0B25E
:1064B000002805D002280BD006D303280CD00FE00B
:1064C00000982060002032BD009840082060F9E765
:1064D000009880082060F5E70098C0082060F1E788
:1064E000002020600320EEE7001926401FB50400BD
:1064F00002A90120FFF7BBFF0100C9B2002903D0A8
:1065000000212160C0B21AE0694601A8FFF79EFC95
:1065100001980021421C71F1FF335B0143EAD26311
:1065200052010098002112184B41029800214901A4
:1065300041EAD0614001FAF72BFF2060002004B04F
:1065400010BD1FB5040002A90120FFF790FF010054
:10655000C9B2002903D000212160C0B21AE0694607
:1065600001A8FFF77EFC01980021421C71F1FF3366
:106570005B0143EAD26352010098002112184B419B
:1065800002980021490141EAD0614001FAF700FF79
:106590002060002004B010BD80B5DFF84C100A6800
:1065A000C2F303220E2A07D00968C1F303210D2983
:1065B00005D1FFF7C6FF02BDFFF798FFFBE70120FB
:1065C000F9E70000240E02280C0F022818152640B7
:1065D000081526400C152640301526403C0E022892
:1065E000448B0810C00E02280000204001B58B0724
:1065F0001AD1830724D1121F21D351F8043BA3F1F0
:10660000013C2CEA030C1CF0803C04BF40F8043B26
:10661000F1E79CFA8CFCBCFA8CF1C1F118018B40BB
:10662000CB4040F8043B13E0042A09D311F8013BA6
:10663000521E00F8013B5BB18B07F7D1D9E7121D61
:106640005AB111F8013B521E00F8013B03B1F8D1D9
:1066500011001CBF0022FCF7E3F801BD01BEFEE7FC
:1066600080B5234A23490B6893423ED00A60224AF0
:1066700012684A62214A8A6202684A6042688A60F5
:106680008268CA60C2680A6102694A6142698A61B5
:106690008269CA61C2690A62F1EE102A12F0900F93
:1066A00023D0174A8A62026ACA62426A0A63826A0D
:1066B0004A63C26A8A63026BCA63426B0A64826B72
:1066C0004A64C26B8A64026CCA64426C0A65826C5A
:1066D0004A65C26C8A65026DCA65426D0A66826D42
:1066E0004A66C26D8A66006EC86600F00BF801BD8E
:1066F000FAF9F8F7BC0C022828ED00E0A4A3A2A147
:10670000ABAAA9A8FEE700000000000000000000FE
:106710000000000000000000000000F80000000081
:10672000000000333000000000100C06100C0600C2
:10673000000000000000000040C07840C078400029
:10674000043F04043F040400007088FC083000008B
:10675000001820FF211E0000F008F000E0180000E3
:1067600000211C031E211E0000F00888700000009C
:106770001E2123241927211010160E0000000000EE
:106780000000000000000000000000E0180402000B
:10679000000000071820400000020418E00000007C
:1067A0000040201807000000404080F0804040007A
:1067B0000202010F01020200000000F000000000D0
:1067C0000101011F010101000000000000000000A4
:1067D00080B0700000000000000000000000000019
:1067E00000010101010101010000000000000000A2
:1067F000003030000000000000000000806018043D
:10680000006018060100000000E010080810E00019
:10681000000F102020100F00001010F800000000E2
:106820000020203F20200000007008080888700029
:1068300000302824222130000030088888483000A9
:106840000018202020110E000000C02010F80000C9
:1068500000070424243F240000F808888808080062
:106860000019212020110E0000E010888818000077
:10687000000F112020110E0000380808C838080049
:106880000000003F000000000070880808887000C9
:10689000001C222121221C0000E010080810E0004A
:1068A0000000312222110F00000000C0C0000000D3
:1068B00000000030300000000000008000000000F8
:1068C00000008060000000000000804020100800F0
:1068D00000010204081020004040404040404000B9
:1068E0000404040404040400000810204080000094
:1068F0000020100804020100007048080808F00099
:106900000000003036010000C030C828E810E00068
:106910000718272423140B000000C038E0000000F3
:10692000203C23020227382008F88888887000005D
:10693000203F202020110E00C03008080808380031
:10694000071820202010080008F808080810E000A8
:10695000203F202020100F0008F88888E808100049
:10696000203F20202320180008F88888E80810001D
:10697000203F200003000000C03008080838000055
:1069800007182020221E020008F808000008F80856
:10699000203F210101213F20000808F808080000DD
:1069A0000020203F2020000000000808F808080010
:1069B000C08080807F00000008F888C02818080088
:1069C000203F20012638200008F8080000000000C1
:1069D000203F20202020300008F8F800F8F80800B8
:1069E000203F003F003F200008F830C00008F808B2
:1069F000203F200007183F00E01008080810E000C2
:106A00000F10202020100F0008F808080808F000D8
:106A1000203F210101010000E01008080810E000FB
:106A20000F18242438504F0008F888888888700090
:106A3000203F2000030C3020007088080808380030
:106A40000038202121221C00180808F80808180026
:106A50000000203F2000000008F808000008F808A7
:106A6000001F202020201F000878880000C8380858
:106A7000000007380E010000F80800F80008F800D0
:106A8000033C0700073C030008186880806818086A
:106A900020302C03032C30200838C800C8380800E8
:106AA0000000203F2000000010080808C838080037
:106AB0002038262120201800000000FE02020200DB
:106AC0000000007F40404000000C30C0000000008B
:106AD000000000010638C00000020202FE000000B3
:106AE000004040407F000000000004020202040059
:106AF0000000000000000000000000000000000096
:106B0000808080808080808000020204000000007D
:106B10000000000000000000000080808080000075
:106B20000019242222223F2008F800808000000063
:106B3000003F112020110E00000000808080000026
:106B4000000E112020201100000000808088F80035
:106B5000000E112020103F20000080808080000067
:106B6000001F222222221300008080F088888818CB
:106B70000020203F202000000000808080808000D6
:106B8000006B94949493600008F80080808000006B
:106B9000203F210000203F20008098980000000046
:106BA0000020203F20200000000000809898000076
:106BB00000C08080807F000008F800008080800096
:106BC000203F24022D302000000808F800000000BB
:106BD0000020203F20200000808080808080800076
:106BE000203F20003F20003F808000808080000008
:106BF000203F210000203F20000080808080000096
:106C0000001F202020201F008080008080000000C6
:106C100080FFA12020110E000000008080808000F5
:106C2000000E112020A0FF808080800080808000E6
:106C300020203F2120000100000080808080800013
:106C40000033242424241900008080E08080000088
:106C50000000001F202000008080000000808000D5
:106C6000001F202020103F20808080000080808036
:106C700000010E30080601008080008000808080C6
:106C80000F300C030C300F000080800080808000EB
:106C90000020312E0E312000808080000080808016
:106CA00080818E70180601000080808080808000C6
:106CB0000021302C2221300000000000807C0202E4
:106CC00000000000003F404000000000FF00000006
:106CD00000000000FF0000000002027C80000000B5
:106CE0000040403F000000000006010102020404D1
:106CF000000000000000000080B5DFF8A82400219B
:106D00000820FDF76DFCDFF8A02410210020FDF71E
:106D100067FCDFF8982420210A20FDF761FC01BD03
:106D200080B5DFF88C2400210820FDF759FCDFF83E
:106D3000782410210020FDF753FCDFF8782420216F
:106D40000A20FDF74DFCDFF8702430210A20FDF702
:106D500047FCDFF8682440210A20FDF741FCDFF8FA
:106D6000602450210A20FDF73BFCDFF858247021F5
:106D70000A20FDF735FCDFF8502480210A20FDF7BA
:106D80002FFCDFF8482490210A20FDF729FCDFF8CA
:106D90004024A0210A20FDF723FC01BDF8B5012401
:106DA000FFF7AAFFA1A52A0020210020FDF718FC6B
:106DB0000020DFF8201408800020DFF81C14088071
:106DC00040E0002000F064FA0126641E2000C0B2FA
:106DD000002800D10124FFB2012F0CD1FDF78CFA5D
:106DE00000F05EF8FDF788FAFFF786FF2A00202101
:106DF0000020FDF7F5FBF6B2002E23D027A63200C7
:106E000020210020FDF7ECFB320030210020FDF7AF
:106E1000E7FB320040210020FDF7E2FB3200502169
:106E20000020FDF7DDFB320060210020FDF7D8FBDC
:106E30002A002000C0B200011030010089B20020F9
:106E4000FDF7CEFB00270026002000F01DFA0128E8
:106E5000B7D0012000F018FA01280AD1012000F073
:106E600017FA0126641C2000C0B20228B3DB0124FB
:106E7000B1E7022000F008FA012804D1022000F056
:106E800007FA2700A7E7032000F0FEF90128A2D1A6
:106E9000032000F0FDF90020F2BD000020000000FA
:106EA0002DE9FF470A2100226C462000FBF7B4FCC5
:106EB00000F0AEFA0124FFF733FF5CA52A00202181
:106EC0000020FDF78DFBC54E6F46B7F9023032004A
:106ED00020213A20FDF7FAFBB7F9043032003021C7
:106EE0003A20FDF7F3FBB7F90230320040213A2097
:106EF000FDF7ECFBB7F90430320050213A20FDF7E2
:106F0000E5FBDFF8D0820020A8F800000020B2499D
:106F1000088064E0022000F0B7F9012805D00320C2
:106F200000F0B2F9012840F0DC80022000F0B0F956
:106F3000032000F0ADF92A005FFA8AFA5FEA0A1A24
:106F40001AF1100A514689B20020FDF749FBB8F842
:106F500000000A281EDB0020A8F80000A0480368F3
:106F6000320070213820FDF7B1FB9E4803683200E3
:106F700080213820FDF7AAFB9B480368320090214E
:106F80003820FDF7A3FB994803683200A021382080
:106F9000FDF79CFB5FFA89F9B9F1000F1FD00FF2E2
:106FA000FC194A4620210020FDF71AFB4A463021F1
:106FB0000020FDF715FB4A4640210020FDF710FB9D
:106FC0004A4650210020FDF70BFB2A002000C0B2EA
:106FD00000011030010089B20020FDF701FB5FF0D5
:106FE000000A5FF00009002000F04EF901281FD1CF
:106FF000002000F04DF95FF00109641E2000C0B2CE
:10700000002800D104245046C0B200289FD050462A
:10701000C0B205289BDA62A25046C0B2000110300F
:10702000010089B20020FDF7DBFA7DE03E000000A0
:10703000012000F029F901280BD1012000F028F9E6
:107040005FF00109641C2000C0B20528DBDB0124CD
:10705000D9E7022000F018F9012804D1022000F03D
:1070600017F9A246CFE7032000F00EF90128CAD194
:10707000032000F00DF900F0CBF9002004B0BDE8CA
:10708000F087002000F004F92000C0B237F81000AB
:1070900064302100C9B227F811002000C0B237F9CE
:1070A000100042F21171884205DB42F2107021009B
:1070B000C9B227F811002000C0B237F91010200023
:1070C000C0B200F05DF92000C0B237F910303200D4
:1070D0002000C0B200011030010089B23A20FDF753
:1070E000F5FAB8F800000A281EDB0020A8F8000016
:1070F0003B480368320070213820FDF7E7FA394831
:107100000368320080213820FDF7E0FA3648036832
:10711000320090213820FDF7D9FA34480368320054
:10712000A0213820FDF7D2FA002000F0ADF80128A8
:10713000A7D0012000F0A8F801287FF4EBAE0120D1
:1071400000F0A6F82000C0B237F810006438210023
:10715000C9B227F811002000C0B237F91000244945
:10716000884204DA22482100C9B227F81100200021
:10717000C0B237F910102000C0B200F001F92000B1
:10718000C0B237F9103032002000C0B20001103018
:10719000010089B23A20FDF799FAA2E72000000029
:1071A0003D000000AC9008105C8E0810B4900810F0
:1071B00020900810509008105C90081068900810FB
:1071C00074900810148F0810308F08104C8F08101E
:1071D000688F0810080F02280A0F0228BC900810B8
:1071E000C40E0228C80E0228CC0E0228D00E022897
:1071F000F0D8FFFF10B5002000241FE0002122007E
:10720000D2B2815413E037482100C9B2415C02294F
:10721000F4D035492200D2B251F822100A3940F296
:10722000DE329142EAD201212200D2B28154002002
:107230002D492200D2B241F82200641C2000C0B2C5
:10724000042820DA29482100C9B2405CFEF73BF946
:107250000128D8D024492000C0B251F82020244869
:10726000006882182000C0B241F820202000C0B27F
:1072700051F82000B0F57A7FDFD3022019492200AF
:10728000D2B28854D9E710BD1649C0B2085C704725
:107290000021144AC0B21154704770B50400002C8C
:1072A00001D0012000E000208C221249C0B2FBF77F
:1072B00032FA002000250EE00123012200210B48B4
:1072C0002E00F6B2805DFEF70FF9002005492A0076
:1072D000D2B288546D1C2800C0B20428ECDB0448EC
:1072E000046070BDF40E0228980E022888910810E0
:1072F000F00E02283C8C081010B503230022012157
:107300002920FEF7F1F80323002201212B20FEF7AC
:10731000EBF80323002201215320FEF7E5F80323B5
:10732000002201214920FEF7DFF842F2107400220A
:1073300021000D20FAF766FF002221000F20FAF746
:1073400061FF002221002C20FAF75CFF00222100BF
:107350002120FAF757FF01220121012000F0ACF9AA
:1073600000220021002000F0A7F9032203210320BE
:1073700000F0A2F902220221022000F09DF910BDC6
:1073800010B50200D2B2012A06D015D3032A0DD0BF
:1073900007D3042A0DD00FE029230D2009B249425A
:1073A0000AE02B230F2009B2494205E053232C2089
:1073B00002E049232120FFE70A0012B2012A0ADB7A
:1073C000012413F007029440DBB2DB100E4A12EBEB
:1073D000C31214600BE0012413F007029440DBB2E7
:1073E000DB100A4A12EBC312146009B249420A00C8
:1073F00012B242F211739A4201DB42F2107189B269
:10740000C0B2FAF7D2FE10BD08003140040031408E
:1074100080B500210120FFF7B3FF00210220FFF714
:10742000AFFF00210320FFF7ABFF00210420FFF78F
:10743000A7FF01BD022801D3012010E00B00DBB241
:10744000042B01DB01200AE0DFF8C83303EB8000E6
:10745000C9B2405C824201D3012000E000207047A5
:10746000F8B506000F0015001C00022E01D3012004
:107470001DE02A003900C9B23000FFF7DBFF012808
:1074800001D1012013E03800C0B2002812D1B4F5B8
:10749000807F0DD2DFF880037603304400EB850057
:1074A00010F58050016864F30F2101600020F2BDE7
:1074B0000120FCE7FFB2012F11D1B4F5803F0CD2BF
:1074C000DFF854037603304400EB850010F5A0503C
:1074D000016864F317210160E8E70120E7E7012074
:1074E000E5E700B20012C0B27047F8B505000E0023
:1074F0001700280000B2FFF7F4FF04002000C0B21C
:10750000022801D3012024E03A003100C9B2200052
:10751000C0B2FFF78FFF012801D1012019E0DFF889
:10752000F8122000C0B2400308442A00D2B200EB97
:107530008200D0F8000CF6B266F3092067F307006A
:10754000E4B264032144EDB201EB8501C1F8000C03
:107550000020F2BD70B504000D001600022C01D30E
:1075600001201DE032002900C9B22000FFF762FFB0
:10757000012801D1012013E0DFF89C1260030858B4
:1075800050F0004050F0407050F47F00EDB265F3D1
:10759000092066F30700620388506403085900203D
:1075A00070BD0100C9B2002905D0022907D004D35B
:1075B000032906D006E03E2004E0412002E09A20A4
:1075C00000E08B20C0B270470100C9B2002905D08D
:1075D000022907D004D3032906D006E00A2004E0DC
:1075E0000A2002E00A2000E00A20C0B27047010031
:1075F000C9B2002905D0022907D004D3032906D037
:1076000006E03F2004E0422002E09B2000E08C20C6
:10761000C0B270470100C9B2002905D0022907D0C5
:1076200004D3032906D006E00B2004E00B2002E07F
:107630000B2000E00B20C0B2704738B504000020DA
:1076400076482100C9B2405C002813D0744821005C
:10765000C9B250F82100FEF72EFB05002000C0B291
:10766000FFF7C5FFC0B2FDF72EFF01280AD02DB2EB
:107670006D4207E06B4D6A48E4B250F8240000F018
:107680009DF92D1A280000B232BD80B56349020071
:10769000D2B2895C002907D00021614AC0B252F8F9
:1076A0002000FEF706FB06E000215D4AC0B252F85A
:1076B000200000F081F901BD2DE9F8419BB00400E4
:1076C0000E001500342100220EAF3800FBF7A4F89D
:1076D00008200F903000C0B2FFF776FF8DF8400011
:1076E0003000C0B2FFF75DFF07005FF00808300010
:1076F000C0B2FFF756FF4C4E0EAA97FBF8F108FBFD
:1077000011773900C0B2C010C0013044FBF743F913
:1077100008200F902800C0B2FFF77CFF8DF84000D2
:107720002800C0B2FFF763FF07005FF008082800D9
:10773000C0B2FFF75CFF0EAA97FBF8F108FB1177C8
:107740003900C0B2C010C0013044FBF724F9374DF6
:10775000002201212000C0B235F91000FFF7C5FE5C
:107760002000C0B235F91000FFF7BBFE092300224C
:107770000121C0B2FFF774FE2000C0B235F910003D
:10778000FFF7AFFE00220121C0B2FFF7E3FE244D58
:107790002000C0B255F8200000F0EAF800208DF873
:1077A000000000208DF8010000208DF82C00002042
:1077B0008DF82D0000208DF82E0003208DF82F006D
:1077C00000208DF8300002208DF8310003208DF864
:1077D000320069462000C0B255F8200000F028F8B9
:1077E0002000C0B255F8200000F0E1F82000C0B23F
:1077F00055F82000FBF713FA2000C0B255F820001E
:10780000FBF713FA00200549E4B208551CB0BDE8A7
:10781000F0810000A490081000000440F80E022837
:107820000C0702280080FFFF0000314004070228F7
:1078300010B40122002800F08D80002900F08A8019
:10784000464A12680B7813F0030363F315524B7822
:1078500013F0030363F31142032363F31A620B7AF9
:1078600063F39E724B78012B02D04B78022B06D12A
:107870000B7D63F3000291F8243063F34102026050
:10788000CA6802610A694261CA6982610A6AC261A0
:107890004A680262324A126891F82E3063F3174246
:1078A00091F8303063F31F6291F8313063F30F22A7
:1078B0004B78032B07D10B7E03F0FF03120A120251
:1078C00014001A0022434264264A126891F83230AA
:1078D00063F307024B78032B05D191F8283003F0AE
:1078E000FF0363F30F2282641F4A126891F82D3060
:1078F00013F0030363F3051291F82F3013F0030321
:1079000063F3871232F00C0232F440724B78032B8F
:107910000BD14B7D13F00303920892001A4391F8A8
:10792000253013F0030363F38B22C2640F4A1268FD
:1079300091F8333013F00703D208D2001A4391F8BC
:10794000343013F0070363F30612426591F82C10EC
:1079500081670022100010BC70470000749108106D
:10796000789108107C91081080910810849108107B
:10797000F0210160002181605FF0FF310161416110
:107980008161C161016241624FF4807141640021F3
:1079900081644FF6FF71C16432214165FF210165A9
:1079A000002101670021416700218167704701685C
:1079B00051F00041016070478160704780687047F6
:1079C000022801D3012010E00B00DBB2042B01DB05
:1079D00001200AE0DFF86C3303EB8000C9B2405CA1
:1079E000824201D3012000E000207047F8B5060074
:1079F0000F0015001C00022E01D301201DE02A00FB
:107A00003900C9B23000FFF7DBFF012801D10120A6
:107A100013E03800C0B2002812D1B4F5807F0DD237
:107A2000DFF824037603304400EB850010F5805026
:107A3000016864F30F2101600020F2BD0120FCE722
:107A4000FFB2012F11D1B4F5803F0CD2DFF8F8025C
:107A50007603304400EB850010F5A050016864F314
:107A600017210160E8E70120E7E70120E5E700B220
:107A70000012C0B27047F8B505000E0017002800CC
:107A800000B2FFF7F4FF04002000C0B2022801D3C7
:107A9000012023E03A003100C9B22000C0B2FFF754
:107AA0008FFF012801D1012018E0A7492000C0B2B2
:107AB000400308442A00D2B200EB8200D0F8000C48
:107AC000F6B266F3092067F30700E4B264032144C9
:107AD000EDB201EB8501C1F8000C0020F2BD70B5DC
:107AE00004000D001600022C01D301201CE032001E
:107AF0002900C9B22000FFF763FF012801D101204E
:107B000012E091496003085850F0004050F0407076
:107B100050F47F00EDB265F3092066F307006203BD
:107B2000885064030859002070BD80B50100C9B2B7
:107B3000032906DA8549C0B2C0010844FEF7C3F83C
:107B400007E08349C0B2C0010844B0F5C070FEF739
:107B5000BAF801BD70B596B004000D0050210022A6
:107B600002AE3000FAF758FE00262000C0B203280B
:107B70006ADA002201212000C0B200F2711000B2C6
:107B8000FFF779FF2000C0B200F2711000B2FFF7DA
:107B90006EFF092300220121C0B2FFF727FF20005A
:107BA000C0B200F2711000B2FFF761FF00220121A4
:107BB000C0B2FFF794FF2000C0B210F5D570ADF849
:107BC00000000220ADF8020001208DF8040003221D
:107BD00060482100C9B250F821106846FCF72CF823
:107BE000ED00029500208DF80C0000208DF80D00AE
:107BF00000208DF80E0000208DF8100003208DF875
:107C00004C000120149000208DF8540000208DF8C5
:107C100055004E4D02A92000C0B2C0012844FDF716
:107C200083FF2000C0B2C0012844FEF73DF82000C9
:107C3000C0B2C0012844FAF7F2FFE4B2E40105EB58
:107C40000400FEF73AF87AE0002201212000C0B2D9
:107C500010F5B17000B2FFF70EFF2000C0B210F5B2
:107C6000B17000B2FFF703FF092300220121C0B267
:107C7000FFF7BCFE2000C0B210F5B17000B2FFF7F4
:107C8000F6FE00220121C0B2FFF729FF2000C0B29A
:107C900000F29B10ADF800000220ADF802000120B8
:107CA0008DF8040003222B482100C9B250F821109E
:107CB0006846FBF7C1FFED00002005E0B5F5803F09
:107CC00001D3761C6D08401C0828F7DB02958DF85F
:107CD0000C6000208DF80D0000208DF80E000020B3
:107CE0008DF8100003208DF84C0001201490002026
:107CF0008DF8540000208DF85500154D02A9200084
:107D0000C0B2C0012844B0F5C070FDF70DFF2000DF
:107D1000C0B2C0012844B0F5C070FDF7C5FF200017
:107D2000C0B2C0012844B0F5C070FAF778FFE4B2E1
:107D3000E40105EB0400B0F5C070FDF7BEFF16B01E
:107D400070BD0000A49008100000044000005940DD
:107D5000008058401C0702280000000000000000BE
:107D6000002F000000000700070000147F147F149C
:107D700000242A7F2A120062640813230036495522
:107D8000225000000503000000001C2241000000FA
:107D900041221C000014083E08140008083E080890
:107DA000000000A0600000080808080800006060EB
:107DB0000000402010080402003E5149453E0000EA
:107DC000427F4000004261514946002141454B310C
:107DD000001814127F10002745454539003C4A49D8
:107DE000493000017109050300364949493600064A
:107DF0004949291E000036360000000056360000B2
:107E0000000814224100001414141414000041222C
:107E1000140800020151090600324959513E007C04
:107E20001211127C007F49494936003E41414122EE
:107E3000007F4141221C007F49494941007F0909D7
:107E40000901003E4149497A007F0808087F000087
:107E5000417F4100002040413F01007F0814224142
:107E6000007F40404040007F020C027F007F0408FA
:107E7000107F003E4141413E007F09090906003E56
:107E80004151215E007F091929460046494949317F
:107E90000001017F0101003F4040403F001F2040A2
:107EA000201F003F4038403F006314081463000760
:107EB0000870080700615149454300007F414100B7
:107EC000020408102040000041417F00000402012C
:107ED0000204004040404040000001020400002035
:107EE00054545478007F4844443800384444442073
:107EF00000384444487F00385454541800087E0920
:107F000001020018A4A4A47C007F080404780000E7
:107F1000447D4000004080847D00007F10284400A4
:107F20000000417F4000007C04180478007C0804B5
:107F3000047800384444443800FC242424180018F1
:107F4000242418FC007C08040408004854545420DD
:107F500000043F444020003C4040207C001C204066
:107F6000201C003C4030403C004428102844001CA9
:107F7000A0A0A07C004464544C44141414141414A1
:107F800038B500F077F900F042F800F0C9F871490F
:107F90000868800312D4BFF34F8FBFF36F8F0020A8
:107FA0006D4A1060BFF34F8FBFF36F8F086850F4B6
:107FB00000300860BFF34F8FBFF36F8F0868C003B6
:107FC00024D40020654A1060BFF34F8F64480268D4
:107FD000C2F34E33C2F3C90443F6E07010EA431013
:107FE00050EA84705F4D28602000441E0028F3D1C1
:107FF0001800431E0028EDD1BFF34F8F086850F4DE
:1080000080300860BFF34F8FBFF36F8F31BD70B505
:1080100086B0684654491822F9F750F800200AE063
:1080200069460200D2B201EBC2014968491C11F055
:10803000070F0DD1401C0100C9B2032909D26946BE
:108040000200D2B211F8321011F0070FE8D0FEE7AB
:10805000FEE7464C207810F0070F00D0FEE7444DB5
:108060002868401C10F0070F00D0FEE7002622E031
:1080700068463100C9B200EBC10041683000C0B2AF
:1080800052F8300000F043F814E000200028EFD050
:108090002168491E3000C0B252F8300000F037F8B5
:1080A00068463100C9B200EBC10041682868401C35
:1080B00000F02DF8761C3000C0B2032825D26A46A5
:1080C0003000C0B252F83000002813D020683100D0
:1080D000C9B252F8311088420AD368463100C9B299
:1080E00000EBC10040682168884201D30120CDE740
:1080F0000020CBE768463100C9B200EBC100406800
:1081000021688842C1D30120C0E706B070BD0022BB
:10811000002302E0C0E9002308308842FAD3704708
:1081200030B4144880081449144A002308E01C00A5
:10813000E4B252F824401D00EDB241F825405B1C2A
:108140001C000500E4B2EDB2AC42F0D30C48016073
:1081500030BC704714ED00E050EF00E084ED00E02B
:1081600080ED00E060EF00E0D88F0810808A0810F2
:10817000848A081080000000800F02280000081088
:1081800008ED00E010B5002042490860BFF34F8FB2
:1081900041480168C1F34E32C1F3C90343F6E070B0
:1081A00010EA421050EA83703C4C20601800431ED5
:1081B0000028F3D11000421E0028EDD1BFF34F8FED
:1081C000BFF36F8FBFF34F8FBFF36F8F0020344922
:1081D0000860BFF34F8FBFF36F8F00F001F810BD41
:1081E00038B586B068462F491822F8F767FF684609
:1081F000FDF730FFC0B200280DD02B4C18222B49C0
:108200002000FEF7F3F90020E0754E2028490860B1
:108210000020FEF723FA274D2800FEF7BDF9C0B273
:1082200000280DD0204C182220492000FEF7DEF94E
:108230000020E07550201E4908600020FEF70EFA6D
:108240001D49286808600A681C4882181C48B2FB4F
:10825000F0F01C4A10601C48096801F2E7314FF445
:108260007A72B1FBF2F101600068C003174908603F
:1082700007B030BD80B500F02DF815490A6852F4FA
:1082800070020A60BFF34F8FBFF36F8F00F026F8C4
:1082900001BD000084ED00E080ED00E074EF00E03F
:1082A00050EF00E0F08F08103C0E0228888A08107A
:1082B000C00E0228D40E0228D80E02283F420F001A
:1082C00040420F00E00E0228DC0E0228E40E0228D5
:1082D00088ED00E0EFF3108072B6704780F31088ED
:1082E0007047000080B50020FFF71FFCFEF782FFFB
:1082F00040F6B83054490A88824202DB00220A80E4
:1083000002E00A88521C0A8050490A88824202DB35
:108310000020088002E00888401C088001BD80B56C
:108320000120FFF702FC0120FFF787F9404248498E
:1083300008600120FFF7A9F90020FFF77EF9454901
:1083400008600020FFF7A1F90320FFF776F940420B
:10835000414908600320FFF798F90220FFF76DF903
:108360003E4908600220FFF790F901BD80B5022068
:10837000FFF7DBFB01BD80B50320FFF7D6FB01BD96
:1083800080B50420FFF7D1FB01BD80B50520FFF7C4
:10839000CCFB01BD80B50620FFF7C7FB01BD80B552
:1083A0000720FFF7C2FB01BD80B50820FFF7BDFB2A
:1083B00001BD80B50920FFF7B8FB01BD80B50A20DB
:1083C000FFF7B3FB01BD80B50B20FFF7AEFB01BD8E
:1083D00080B50C20FFF7A9FB01BD80B50D20FFF78C
:1083E000A4FB01BD80B50E20FFF79FFB00F046F80F
:1083F00001BD80B50020FAF741FD002801D0FAF751
:108400007AF901BD80B50120FAF738FD002802D0C5
:1084100013480068804701BD80B50220FAF72EFDA1
:10842000002801D000F068F801BD80B50320FAF7FC
:1084300025FD01BD80B50420FAF720FD002802D0FB
:1084400008480068804701BD080F02280A0F02286B
:10845000C40E0228C80E0228CC0E0228D00E022814
:10846000F0060228F406022880B50520FAF706FD7A
:1084700001BD80B50620FAF701FD01BDF8B5194828
:10848000007800282DD00020174C08202060174DC0
:108490000420286008202860042020600820206034
:1084A00004202860002615E008202860104F0720CF
:1084B00000F0ACF83100C9B227F81100042000F038
:1084C000A5F83100C9B207EB4101A1F8000108206D
:1084D0002060761C3000C0B28028E5DB0120054911
:1084E0000870F1BD170F0228080331400403314022
:1084F000B4070228180F02281FB500200190404839
:108500000078002868D004E0012269463D48FBF766
:108510007EF969460220FAF755FE0028F4D19DF84D
:1085200000000A2858D106200190364C012301AAE8
:1085300002A92000FBF73BFA032228A10DF10B0052
:1085400000F09EF8002810D12748017802293DD07C
:10855000012101702000FBF749F90190002301AAD5
:1085600022492000FBF723FA30E003221CA10DF181
:108570000B0000F085F8002810D11D480178022971
:1085800024D0012101702000FBF730F90190002375
:1085900001AA18492000FBF70AFA17E0032211A1EB
:1085A0000DF10B0000F06CF800280FD11248017893
:1085B00002290BD0012101702000FBF717F901906F
:1085C000002301AA0D492000FBF7F1F92000FBF779
:1085D000D3F801200C4908701FBD0000524D430024
:1085E0004747410054485300130F0228BC0B022890
:1085F000120F02283C0B0228140F02283C0C022800
:10860000110F02286C0E0228100F022830B401004E
:10861000C9B249090200D2B2202392FBF3F403FB52
:108620001422154BC0B21B5C5B00D3F10403134C46
:108630000800C0B254F820001500EDB2AD01284486
:1086400000F63C00056855F0010505600800C0B261
:1086500054F82000D0F80002C00F0028F6D1C9B2AB
:1086600054F82100D2B292011044D0F8240880B20C
:10867000184180B230BC70479C0D0228F8060228D1
:108680008AB10B7890F800C09C4506D110F8013BE8
:108690004BB1491C521EF4D105E002D24FF0FF301D
:1086A000704701207047002070470000010009B2A8
:1086B000002908D4012210F01F018A404F4900B25E
:1086C000400941F820207047FEE780B54C4800681B
:1086D0004C4801680800C00F002805D04A488905A9
:1086E000890D50F8210080470020FFF7DFFF01BD12
:1086F00080B546480068464801680800C00F002859
:1087000005D041488905890D50F821008047012096
:10871000FFF7CCFF01BD80B53E4800683E480168C8
:108720000800C00F002805D037488905890D50F88A
:10873000210080470220FFF7B9FF01BD80B537480F
:108740000068374801680800C00F002805D02E488F
:108750008905890D50F8210080470320FFF7A6FF07
:1087600001BD80B52F4800682F4801680800C00F80
:10877000002805D024488905890D50F8210080473C
:108780000420FFF793FF01BD80B528480068284802
:1087900001680800C00F002805D01B488905890D15
:1087A00050F8210080470520FFF780FF01BD80B50C
:1087B00020480068204801680800C00F002805D044
:1087C00011488905890D50F8210080470620FFF7E0
:1087D0006DFF01BD80B5194800681948016808009F
:1087E000C00F002805D008488905890D50F82100E0
:1087F00080470720FFF75AFF01BD000080E200E03C
:10880000E49008100001204000000228E8900810C1
:1088100004012040EC90081008012040F09008105E
:108820000C012040F490081010012040F89008102E
:1088300014012040FC9008101801204000910810FD
:108840001C01204080B50020FBF755FF00214FF6AA
:10885000E070FBF7B9FDFBF74FFD0A20FEF71DFDA9
:10886000FEF74AFD01BD80B5554A00210820FBF7FF
:10887000B7FE544A10210020FBF7B2FE524A2021D5
:108880000A20FBF7ADFE514A30210A20FBF7A8FE73
:108890004F4A40210A20FBF7A3FE01BD70B5FBF74C
:1088A0002BFDFFF7E0FF44A4220020210020FBF76E
:1088B00097FE2AE0EDB2032D0AD1FBF71DFDFBF771
:1088C0001BFDFFF7D0FF220040210020FBF788FEB0
:1088D000F6B2002E19D039A52A0020210020FBF77E
:1088E0007FFE2A0030210020FBF77AFE2A0040217B
:1088F0000020FBF775FE220036480078000110309A
:10890000010089B20020FBF76BFE00250026002045
:10891000FEF7BAFC01280DD10020FEF7B9FC0126B4
:108920002C490878401E0870087800281FD10320C1
:1089300008701CE00120FEF7A7FC01280DD10120E2
:10894000FEF7A6FC012623480178491C0170017836
:1089500004290CDB0121017009E00220FEF794FCE0
:10896000012804D10220FEF793FC1A480578032061
:10897000FEF78EFC2800C0B201280BD1FBF7BCFC2F
:10898000FBF7BAFCFFF76FFF220020210020FBF766
:1089900027FE9DE72800C0B202288BD1FBF7ACFC74
:1089A000FEF7FCF9FBF7A8FCFFF75DFF2200302182
:1089B0000020FBF715FE8BE73E00000020000000C2
:1089C000C49008107C8E0810CC900810D490081029
:1089D000DC900810AA07022872B61D4908684FEA01
:1089E000102000F00F000E2808BF1A490D2808BFFC
:1089F0001949072808BF1949082808BF18490868F5
:108A000020F00B0008600868BFF34F8F1548164927
:108A10000860BFF34F8F1549086840F007000860F1
:108A20001349086840F007000860BFF34F8FBFF399
:108A30006F8F00200021124AE2E802016A45FBD153
:108A40000C4FB8470C4FB8470C4FB847FEE7000033
:108A5000000020400C0020400C0420400C08204066
:108A60000C0C20400000081008ED00E090EF00E042
:108A700094EF00E0817F0810F18D0810BD8F081081
:108A800000FF0728FFFF0728443A5C50726F6A65B1
:108A900063745C436F64655C435954344242375C91
:108AA0004D2D4361722D50726F6A6563745C6C6901
:108AB000627261726965735C73646B5C7476696918
:108AC0006268346D5C7372635C73797374656D5C3A
:108AD00073797374656D5F747669696268346D5F0C
:108AE000636D372E63000000443A5C50726F6A6514
:108AF00063745C436F64655C435954344242375C31
:108B00004D2D4361722D50726F6A6563745C6C69A0
:108B1000627261726965735C73646B5C74766969B7
:108B20006268346D5C7372635C64726976657273DB
:108B30005C737973636C6B5C63795F737973636C7B
:108B40006B2E6800443A5C50726F6A6563745C43D4
:108B50006F64655C435954344242375C4D2D436128
:108B6000722D50726F6A6563745C6C6962726172B7
:108B70006965735C73646B5C747669696268346D93
:108B80005C7372635C647269766572735C7379732B
:108B9000636C6B5C63795F737973636C6B2E6300DA
:108BA000443A5C50726F6A6563745C436F64655CE1
:108BB000435954344242375C4D2D4361722D5072FB
:108BC0006F6A6563745C6C69627261726965735C1B
:108BD0007A665F6465766963655C7A665F6465760C
:108BE0006963655F6970733230302E630000000086
:108BF000443A5C50726F6A6563745C436F64655C91
:108C0000435954344242375C4D2D4361722D5072AA
:108C10006F6A6563745C6C69627261726965735CCA
:108C20007A665F636F6D6D6F6E5C7A665F636F6DA2
:108C30006D6F6E5F6669666F2E630000443A5C502C
:108C4000726F6A6563745C436F64655C4359543446
:108C50004242375C4D2D4361722D50726F6A6563DD
:108C6000745C6C69627261726965735C7A665F6478
:108C700065766963655C7A665F6465766963655F7E
:108C80006B65792E63000000443A5C50726F6A6530
:108C900063745C436F64655C435954344242375C8F
:108CA0004D2D4361722D50726F6A6563745C6C69FF
:108CB000627261726965735C7A665F647269766517
:108CC000725C7A665F6472697665725F70776D2E2A
:108CD00063000000443A5C50726F6A6563745C43E1
:108CE0006F64655C435954344242375C4D2D436197
:108CF000722D50726F6A6563745C6C696272617226
:108D00006965735C7A665F6472697665725C7A66BF
:108D10005F6472697665725F7370692E630000002C
:108D2000443A5C50726F6A6563745C436F64655C5F
:108D3000435954344242375C4D2D4361722D507279
:108D40006F6A6563745C6C69627261726965735C99
:108D50007A665F6472697665725C7A665F6472696E
:108D60007665725F756172742E63000030B4002501
:108D700012E050F8042BD30744BF4A44521E091F87
:108D8000042942F8045BFAD213468C0744BF1580CD
:108D90009B1CC90748BF1D7050F8041B0029E8D16F
:108DA00030BC704780B50A4800F014F8F9F702FDAE
:108DB000FFF748FD42F210710020FEF7CBFE41F2B2
:108DC00088310120FEF7C6FEFFF768FDFCE700BF13
:108DD00080B2E60E80B505490860FFF7D3F9FCF7CD
:108DE000AAFC0020FAF700FF01BD0000E80E0228EF
:108DF00010B5074979441831064C7C44163404E018
:108E00000A68081D114488470146A142F8D110BDE7
:108E10002C000000480000004EF68851CEF2000100
:108E2000086840F470000860BFF34F8FBFF36F8F86
:108E30004FF00170E1EE100A7047000031FFFFFFB4
:108E400068070000B407022800000000E380FFFF6D
:108E50007A03000090010000000002283D3D3D3DE6
:108E60003D3D3D3D3D3D3D3D3D3D3D3D3D3D3D3D32
:108E70003D3D3D3D3D3D3D3D3D3D00003D3D3D3D9C
:108E80003D3D3D3D3D3D3D3D3D3D3D3D3D3D3D3D12
:108E90003D3D3D3D3D3D3D3D3D3D00000420714695
:108EA000084202D0EFF3098001E0EFF3088000B53B
:108EB0000149884700BD00006166081000000000FD
:108EC000801C800803D0401C801EFCD100BF70476E
:108ED000EFF3108072B6704780F31088704700007F
:108EE00000F00EF8002801D0FFF782FFAFF30080FA
:108EF0000020AFF30080FFF755FF00F003F80000FB
:108F00000020704700F000B807463846F8F75EFBCF
:108F1000FBE70000454E4320313A23232320202045
:108F2000202020202053554D3A2323230000000009
:108F3000454E4320323A2323232020202020202086
:108F40002053554D3A23232300000000454E432073
:108F5000333A232323202020202020202053554D46
:108F60003A23232300000000454E4320343A2323B4
:108F700023202020202020202053554D3A23232336
:108F8000000000000D0A66696C65202573206C697D
:108F90006E652025643A2025732E0D0A000000001E
:108FA00004207146084201D0EFF30980EFF30880F6
:108FB00000B50149884700BD999008100548014651
:108FC00003B4684680F30988AFF30080FFF724FFFD
:108FD000FFF786FFA5EDF5FE00000228FFFF07283A
:108FE00000000020FF3F002000000000FF3F0000C5
:108FF00000127A00000000000024F400008000004D
:1090000000800000008000000D0A66696C65202564
:1090100073206C696E652025642E0D0A0000000027
:109020005B44454255475D2D4D4F544F5200000063
:1090300066696C653A206D646B2F25730000000033
:10904000417373657274206572726F720000000064
:1090500050574D20313A23232300000050574D2014
:10906000323A23232300000050574D20333A232364
:109070002300000050574D20343A232323000000E2
:1090800066696C653A202573000000006C696E65A6
:109090003A20256400000000816911F8021CC9B261
:1090A0000160704703010000101100105B4465620D
:1090B00075675D004D4F544F52000000256420201D
:1090C000200000005B4D656E755D000050726F639F
:1090D00065737300446562756700000050617261DA
:1090E0006D00000000000000000000000000000013
:1090F0000000000000000000000000000000000070
:10910000000000000000000000000000000000005F
:10911000000000000000000000000000000000004F
:10912000000000000000000000000000000000003F
:10913000000000000000000000000000000000002F
:10914000000000000000000000000000000000001F
:10915000000000000000000000000000000000000F
:1091600000000000000000000000000000000000FF
:1091700000000000000000000000000000000000EF
:109180000000000000000000A3A2A1A0FFF7FEBFA6
:10919000FFF784BEFFF782BEFFF780BEFFF7FEBF7A
:1091A000FFF7FEBFFFF7FEBFFFF7FEBFFFF7FEBFF3
:1091B000FFF7FEBFFFF7FEBFFFF7FEBFFFF7FEBFE3
:1091C000FFF7FEBFFFF7FEBF7047F002FFC986083A
:1091D0001004F1FF04F1FF04F1FF04F1FF04F1FFBB
:1091E00004F17704100400000228C9910C11041046
:1091F000040000904000100410132090406C013ACD
:10920000014101600180835840000A5840800D08E8
:10921000100A1D5840E58208101F8308106D0412C3
:109220007704128104128B04129504129F0412A970
:109230000412B30412BD0412C70412D10412DB04D9
:1092400012E504100500006740000068041269047C
:1092500010016640F3141003058408101904122B42
:109260000412350412690412730410010000602412
:1092700012650412640412630443624040100A66DB
:1092800040F000400100F8FFFF7701010002B458F0
:109290006306000000000000000000000000000065
:1092A00000000000000000000000000000000000BE
:1092B00000000000000000000000000000000000AE
:1092C000000000000000000000000000000000009E
:1092D000000000000000000000000000000000008E
:1092E000000000000000000000000000000000007E
:1092F000000000000000000000000000000000006E
:10930000000000000000000000000000000000005D
:10931000000000000000000000000000000000004D
:10932000000000000000000000000000000000003D
:10933000000000000000000000000000000000002D
:0693400000000000000027
:0400000510088FBD93
:00000001FF
